gantry_id,time_key,gantry_time,gantry_flow,gantry_speed,e1_time,e1_flow,e1_speed,e1_occupancy
G420151001000110010,2025-08-11 03:00:00,2025-08-11 03:00:00,12,,2025-08-11 03:00:00,6.0,27.540000000000003,0.12
G420151001000110010,2025-08-11 03:05:00,2025-08-11 03:05:00,23,,2025-08-11 03:05:00,13.0,27.53538461538462,0.26333333333333336
G420151001000110010,2025-08-11 03:10:00,2025-08-11 03:10:00,19,,2025-08-11 03:10:00,19.0,27.53526315789474,0.38333333333333336
G420151001000110010,2025-08-11 03:15:00,2025-08-11 03:15:00,30,,2025-08-11 03:15:00,24.0,27.519166666666667,0.48333333333333334
G420151001000110010,2025-08-11 03:20:00,2025-08-11 03:20:00,19,,2025-08-11 03:20:00,20.0,27.54,0.4033333333333333
G420151001000110010,2025-08-11 03:25:00,2025-08-11 03:25:00,21,,2025-08-11 03:25:00,23.0,27.54826086956522,0.4633333333333334
G420151001000110010,2025-08-11 03:30:00,2025-08-11 03:30:00,18,,2025-08-11 03:30:00,19.0,27.507368421052632,0.3833333333333333
G420151001000110010,2025-08-11 03:35:00,2025-08-11 03:35:00,22,,2025-08-11 03:35:00,18.0,27.518888888888892,0.36333333333333334
G420151001000110010,2025-08-11 03:40:00,2025-08-11 03:40:00,11,,2025-08-11 03:40:00,15.0,27.58,0.30333333333333334
G420151001000110010,2025-08-11 03:45:00,2025-08-11 03:45:00,17,,2025-08-11 03:45:00,17.0,27.53,0.3433333333333333
G420151001000110010,2025-08-11 03:50:00,2025-08-11 03:50:00,16,,2025-08-11 03:50:00,11.0,27.56,0.22333333333333336
G420151001000110010,2025-08-11 03:55:00,2025-08-11 03:55:00,16,,2025-08-11 03:55:00,23.0,27.53434782608696,0.4633333333333334
G420151001000120010,2025-08-11 03:00:00,2025-08-11 03:00:00,35,,2025-08-11 03:00:00,12.0,27.49,0.24333333333333332
G420151001000120010,2025-08-11 03:05:00,2025-08-11 03:05:00,18,,2025-08-11 03:05:00,12.0,27.49,0.24333333333333332
G420151001000120010,2025-08-11 03:10:00,2025-08-11 03:10:00,32,,2025-08-11 03:10:00,20.0,26.360000000000003,0.4566666666666667
G420151001000120010,2025-08-11 03:15:00,2025-08-11 03:15:00,28,,2025-08-11 03:15:00,31.0,27.33,0.63
G420151001000120010,2025-08-11 03:20:00,2025-08-11 03:20:00,35,,2025-08-11 03:20:00,28.0,26.360714285714288,0.6033333333333334
G420151001000120010,2025-08-11 03:25:00,2025-08-11 03:25:00,24,,2025-08-11 03:25:00,26.0,27.48,0.5266666666666667
G420151001000120010,2025-08-11 03:30:00,2025-08-11 03:30:00,15,,2025-08-11 03:30:00,15.0,27.55,0.30333333333333334
G420151001000120010,2025-08-11 03:35:00,2025-08-11 03:35:00,16,,2025-08-11 03:35:00,22.0,27.08,0.45333333333333337
G420151001000120010,2025-08-11 03:40:00,2025-08-11 03:40:00,21,,2025-08-11 03:40:00,20.0,27.519,0.4033333333333333
G420151001000120010,2025-08-11 03:45:00,2025-08-11 03:45:00,24,,2025-08-11 03:45:00,24.0,27.378333333333334,0.48666666666666664
G420151001000120010,2025-08-11 03:50:00,2025-08-11 03:50:00,19,,2025-08-11 03:50:00,21.0,27.48,0.42333333333333334
G420151001000120010,2025-08-11 03:55:00,2025-08-11 03:55:00,29,,2025-08-11 03:55:00,24.0,27.39625,0.48666666666666664
G420151001000220010,2025-08-11 03:00:00,2025-08-11 03:00:00,26,,2025-08-11 03:00:00,11.0,17.97,0.3933333333333333
G420151001000220010,2025-08-11 03:05:00,2025-08-11 03:05:00,27,,2025-08-11 03:05:00,17.0,22.18,0.49
G420151001000220010,2025-08-11 03:10:00,2025-08-11 03:10:00,33,,2025-08-11 03:10:00,23.0,23.022608695652174,0.63
G420151001000220010,2025-08-11 03:15:00,2025-08-11 03:15:00,28,,2025-08-11 03:15:00,29.0,24.33,0.7400000000000001
G420151001000220010,2025-08-11 03:20:00,2025-08-11 03:20:00,28,,2025-08-11 03:20:00,25.0,25.67,0.5800000000000001
G420151001000220010,2025-08-11 03:25:00,2025-08-11 03:25:00,26,,2025-08-11 03:25:00,19.0,25.08,0.45999999999999996
G420151001000220010,2025-08-11 03:30:00,2025-08-11 03:30:00,11,,2025-08-11 03:30:00,18.0,24.81,0.4466666666666667
G420151001000220010,2025-08-11 03:35:00,2025-08-11 03:35:00,20,,2025-08-11 03:35:00,19.0,23.515263157894736,0.5066666666666667
G420151001000220010,2025-08-11 03:40:00,2025-08-11 03:40:00,30,,2025-08-11 03:40:00,28.0,21.597857142857144,0.8266666666666667
G420151001000220010,2025-08-11 03:45:00,2025-08-11 03:45:00,23,,2025-08-11 03:45:00,28.0,24.362142857142853,0.7066666666666667
G420151001000220010,2025-08-11 03:50:00,2025-08-11 03:50:00,29,,2025-08-11 03:50:00,26.0,22.92,0.7200000000000001
G420151001000220010,2025-08-11 03:55:00,2025-08-11 03:55:00,27,,2025-08-11 03:55:00,30.0,22.25,0.8633333333333334
G420151001000410010,2025-08-11 03:00:00,2025-08-11 03:00:00,29,,2025-08-11 03:00:00,20.0,27.52,0.4033333333333333
G420151001000410010,2025-08-11 03:05:00,2025-08-11 03:05:00,33,,2025-08-11 03:05:00,31.0,27.562580645161294,0.6233333333333334
G420151001000410010,2025-08-11 03:10:00,2025-08-11 03:10:00,17,,2025-08-11 03:10:00,26.0,27.49807692307692,0.5233333333333333
G420151001000410010,2025-08-11 03:15:00,2025-08-11 03:15:00,28,,2025-08-11 03:15:00,21.0,27.49,0.42333333333333334
G420151001000410010,2025-08-11 03:20:00,2025-08-11 03:20:00,35,,2025-08-11 03:20:00,39.0,27.54076923076923,0.7866666666666667
G420151001000410010,2025-08-11 03:25:00,2025-08-11 03:25:00,31,,2025-08-11 03:25:00,24.0,27.531666666666666,0.48333333333333334
G420151001000410010,2025-08-11 03:30:00,2025-08-11 03:30:00,20,,2025-08-11 03:30:00,25.0,27.559999999999995,0.5033333333333333
G420151001000410010,2025-08-11 03:35:00,2025-08-11 03:35:00,25,,2025-08-11 03:35:00,32.0,27.565312499999997,0.6433333333333333
G420151001000410010,2025-08-11 03:40:00,2025-08-11 03:40:00,32,,2025-08-11 03:40:00,33.0,27.562424242424242,0.6633333333333333
G420151001000410010,2025-08-11 03:45:00,2025-08-11 03:45:00,26,,2025-08-11 03:45:00,34.0,27.518235294117652,0.6866666666666666
G420151001000410010,2025-08-11 03:50:00,2025-08-11 03:50:00,23,,2025-08-11 03:50:00,27.0,27.545555555555556,0.5433333333333333
G420151001000410010,2025-08-11 03:55:00,2025-08-11 03:55:00,26,,2025-08-11 03:55:00,30.0,27.560999999999996,0.6033333333333333
G420151001000510010,2025-08-11 03:00:00,2025-08-11 03:00:00,31,,2025-08-11 03:00:00,0.0,-1.0,0.0
G420151001000510010,2025-08-11 03:05:00,2025-08-11 03:05:00,27,,2025-08-11 03:05:00,20.0,27.55,0.4033333333333333
G420151001000510010,2025-08-11 03:10:00,2025-08-11 03:10:00,34,,2025-08-11 03:10:00,36.0,27.525,0.7266666666666667
G420151001000510010,2025-08-11 03:15:00,2025-08-11 03:15:00,30,,2025-08-11 03:15:00,26.0,27.557307692307692,0.5233333333333333
G420151001000510010,2025-08-11 03:20:00,2025-08-11 03:20:00,24,,2025-08-11 03:20:00,22.0,27.54,0.44333333333333336
G420151001000510010,2025-08-11 03:25:00,2025-08-11 03:25:00,26,,2025-08-11 03:25:00,35.0,27.527714285714286,0.7066666666666667
G420151001000510010,2025-08-11 03:30:00,2025-08-11 03:30:00,32,,2025-08-11 03:30:00,25.0,27.5148,0.5033333333333333
G420151001000510010,2025-08-11 03:35:00,2025-08-11 03:35:00,23,,2025-08-11 03:35:00,27.0,27.56037037037037,0.5433333333333333
G420151001000510010,2025-08-11 03:40:00,2025-08-11 03:40:00,37,,2025-08-11 03:40:00,33.0,27.520000000000003,0.6666666666666666
G420151001000510010,2025-08-11 03:45:00,2025-08-11 03:45:00,38,,2025-08-11 03:45:00,34.0,27.506176470588233,0.6866666666666666
G420151001000510010,2025-08-11 03:50:00,2025-08-11 03:50:00,30,,2025-08-11 03:50:00,28.0,27.500714285714285,0.5666666666666667
G420151001000510010,2025-08-11 03:55:00,2025-08-11 03:55:00,27,,2025-08-11 03:55:00,35.0,27.54142857142857,0.7066666666666667
G420151001000520010,2025-08-11 03:00:00,2025-08-11 03:00:00,31,,2025-08-11 03:00:00,13.0,27.529999999999998,0.26333333333333336
G420151001000520010,2025-08-11 03:05:00,2025-08-11 03:05:00,46,,2025-08-11 03:05:00,34.0,27.54176470588235,0.6866666666666666
G420151001000520010,2025-08-11 03:10:00,2025-08-11 03:10:00,40,,2025-08-11 03:10:00,26.0,27.52423076923077,0.5233333333333333
G420151001000520010,2025-08-11 03:15:00,2025-08-11 03:15:00,49,,2025-08-11 03:15:00,39.0,27.521538461538466,0.79
G420151001000520010,2025-08-11 03:20:00,2025-08-11 03:20:00,32,,2025-08-11 03:20:00,35.0,27.496,0.7066666666666667
G420151001000520010,2025-08-11 03:25:00,2025-08-11 03:25:00,34,,2025-08-11 03:25:00,38.0,27.539473684210527,0.7666666666666666
G420151001000520010,2025-08-11 03:30:00,2025-08-11 03:30:00,36,,2025-08-11 03:30:00,35.0,27.581714285714284,0.7033333333333333
G420151001000520010,2025-08-11 03:35:00,2025-08-11 03:35:00,29,,2025-08-11 03:35:00,28.0,27.567857142857143,0.5633333333333334
G420151001000520010,2025-08-11 03:40:00,2025-08-11 03:40:00,38,,2025-08-11 03:40:00,45.0,27.005,0.9966666666666667
G420151001000520010,2025-08-11 03:45:00,2025-08-11 03:45:00,36,,2025-08-11 03:45:00,43.0,27.48139534883721,0.8666666666666667
G420151001000520010,2025-08-11 03:50:00,2025-08-11 03:50:00,33,,2025-08-11 03:50:00,33.0,27.541212121212123,0.6666666666666666
G420151001000520010,2025-08-11 03:55:00,2025-08-11 03:55:00,38,,2025-08-11 03:55:00,39.0,27.55333333333333,0.7866666666666666
G420151001000610010,2025-08-11 03:00:00,2025-08-11 03:00:00,36,,2025-08-11 03:00:00,13.0,27.509999999999998,0.26333333333333336
G420151001000610010,2025-08-11 03:05:00,2025-08-11 03:05:00,30,,2025-08-11 03:05:00,19.0,27.58,0.3833333333333333
G420151001000610010,2025-08-11 03:10:00,2025-08-11 03:10:00,37,,2025-08-11 03:10:00,39.0,27.528461538461542,0.7866666666666667
G420151001000610010,2025-08-11 03:15:00,2025-08-11 03:15:00,29,,2025-08-11 03:15:00,30.0,27.521333333333338,0.6066666666666666
G420151001000610010,2025-08-11 03:20:00,2025-08-11 03:20:00,22,,2025-08-11 03:20:00,22.0,27.593636363636367,0.44333333333333336
G420151001000610010,2025-08-11 03:25:00,2025-08-11 03:25:00,26,,2025-08-11 03:25:00,34.0,27.515294117647063,0.6866666666666666
G420151001000610010,2025-08-11 03:30:00,2025-08-11 03:30:00,32,,2025-08-11 03:30:00,28.0,27.571428571428573,0.5633333333333334
G420151001000610010,2025-08-11 03:35:00,2025-08-11 03:35:00,26,,2025-08-11 03:35:00,25.0,27.5544,0.5033333333333333
G420151001000610010,2025-08-11 03:40:00,2025-08-11 03:40:00,23,,2025-08-11 03:40:00,26.0,27.568461538461538,0.5233333333333333
G420151001000610010,2025-08-11 03:45:00,2025-08-11 03:45:00,32,,2025-08-11 03:45:00,30.0,27.555999999999997,0.6033333333333333
G420151001000610010,2025-08-11 03:50:00,2025-08-11 03:50:00,32,,2025-08-11 03:50:00,30.0,27.512000000000004,0.6066666666666666
G420151001000610010,2025-08-11 03:55:00,2025-08-11 03:55:00,31,,2025-08-11 03:55:00,31.0,27.562903225806455,0.6233333333333334
G420151001000620010,2025-08-11 03:00:00,2025-08-11 03:00:00,36,,2025-08-11 03:00:00,6.0,27.45,0.12
G420151001000620010,2025-08-11 03:05:00,2025-08-11 03:05:00,33,,2025-08-11 03:05:00,24.0,27.578749999999996,0.48333333333333334
G420151001000620010,2025-08-11 03:10:00,2025-08-11 03:10:00,47,,2025-08-11 03:10:00,33.0,27.505151515151518,0.6666666666666666
G420151001000620010,2025-08-11 03:15:00,2025-08-11 03:15:00,33,,2025-08-11 03:15:00,21.0,27.49,0.42333333333333334
G420151001000620010,2025-08-11 03:20:00,2025-08-11 03:20:00,22,,2025-08-11 03:20:00,37.0,27.53648648648649,0.7466666666666667
G420151001000620010,2025-08-11 03:25:00,2025-08-11 03:25:00,43,,2025-08-11 03:25:00,39.0,27.53282051282051,0.7866666666666667
G420151001000620010,2025-08-11 03:30:00,2025-08-11 03:30:00,36,,2025-08-11 03:30:00,28.0,27.572499999999998,0.5633333333333334
G420151001000620010,2025-08-11 03:35:00,2025-08-11 03:35:00,37,,2025-08-11 03:35:00,45.0,27.532666666666668,0.9066666666666666
G420151001000620010,2025-08-11 03:40:00,2025-08-11 03:40:00,42,,2025-08-11 03:40:00,41.0,27.551219512195118,0.8266666666666667
G420151001000620010,2025-08-11 03:45:00,2025-08-11 03:45:00,32,,2025-08-11 03:45:00,32.0,27.5025,0.6466666666666666
G420151001000620010,2025-08-11 03:50:00,2025-08-11 03:50:00,40,,2025-08-11 03:50:00,42.0,27.53642857142857,0.8466666666666667
G420151001000620010,2025-08-11 03:55:00,2025-08-11 03:55:00,39,,2025-08-11 03:55:00,38.0,27.51,0.7666666666666666
G420151001000710010,2025-08-11 03:00:00,2025-08-11 03:00:00,33,,2025-08-11 03:00:00,7.0,27.47,0.13999999999999999
G420151001000710010,2025-08-11 03:05:00,2025-08-11 03:05:00,30,,2025-08-11 03:05:00,15.0,27.52,0.30333333333333334
G420151001000710010,2025-08-11 03:10:00,2025-08-11 03:10:00,30,,2025-08-11 03:10:00,22.0,27.430000000000003,0.4466666666666667
G420151001000710010,2025-08-11 03:15:00,2025-08-11 03:15:00,34,,2025-08-11 03:15:00,37.0,27.534594594594598,0.7466666666666667
G420151001000710010,2025-08-11 03:20:00,2025-08-11 03:20:00,22,,2025-08-11 03:20:00,28.0,27.521428571428572,0.5633333333333334
G420151001000710010,2025-08-11 03:25:00,2025-08-11 03:25:00,26,,2025-08-11 03:25:00,21.0,27.47,0.42333333333333334
G420151001000710010,2025-08-11 03:30:00,2025-08-11 03:30:00,28,,2025-08-11 03:30:00,32.0,27.504375,0.6466666666666666
G420151001000710010,2025-08-11 03:35:00,2025-08-11 03:35:00,28,,2025-08-11 03:35:00,25.0,27.5052,0.5033333333333333
G420151001000710010,2025-08-11 03:40:00,2025-08-11 03:40:00,23,,2025-08-11 03:40:00,27.0,27.495,0.5366666666666667
G420151001000710010,2025-08-11 03:45:00,2025-08-11 03:45:00,30,,2025-08-11 03:45:00,29.0,27.544666666666664,0.5933333333333334
G420151001000710010,2025-08-11 03:50:00,2025-08-11 03:50:00,32,,2025-08-11 03:50:00,29.0,27.559655172413795,0.5833333333333334
G420151001000710010,2025-08-11 03:55:00,2025-08-11 03:55:00,29,,2025-08-11 03:55:00,32.0,27.51,0.6466666666666666
G420151001000720010,2025-08-11 03:00:00,2025-08-11 03:00:00,36,,2025-08-11 03:00:00,17.0,27.496470588235294,0.3433333333333333
G420151001000720010,2025-08-11 03:05:00,2025-08-11 03:05:00,40,,2025-08-11 03:05:00,27.0,27.525,0.5266666666666667
G420151001000720010,2025-08-11 03:10:00,2025-08-11 03:10:00,41,,2025-08-11 03:10:00,30.0,27.56,0.6233333333333334
G420151001000720010,2025-08-11 03:15:00,2025-08-11 03:15:00,30,,2025-08-11 03:15:00,30.0,27.535,0.6033333333333333
G420151001000720010,2025-08-11 03:20:00,2025-08-11 03:20:00,39,,2025-08-11 03:20:00,40.0,27.540000000000003,0.8066666666666666
G420151001000720010,2025-08-11 03:25:00,2025-08-11 03:25:00,35,,2025-08-11 03:25:00,34.0,27.524705882352944,0.6866666666666666
G420151001000720010,2025-08-11 03:30:00,2025-08-11 03:30:00,36,,2025-08-11 03:30:00,35.0,27.498571428571427,0.7066666666666667
G420151001000720010,2025-08-11 03:35:00,2025-08-11 03:35:00,42,,2025-08-11 03:35:00,53.0,27.517735849056606,1.07
G420151001000720010,2025-08-11 03:40:00,2025-08-11 03:40:00,40,,2025-08-11 03:40:00,31.0,27.479032258064517,0.6266666666666666
G420151001000720010,2025-08-11 03:45:00,2025-08-11 03:45:00,24,,2025-08-11 03:45:00,38.0,27.493157894736843,0.7666666666666667
G420151001000720010,2025-08-11 03:50:00,2025-08-11 03:50:00,41,,2025-08-11 03:50:00,36.0,27.531666666666666,0.7266666666666667
G420151001000720010,2025-08-11 03:55:00,2025-08-11 03:55:00,29,,2025-08-11 03:55:00,30.0,27.524666666666665,0.6066666666666666
G420151001000810010,2025-08-11 03:00:00,2025-08-11 03:00:00,31,,2025-08-11 03:00:00,12.0,27.56,0.24333333333333332
G420151001000810010,2025-08-11 03:05:00,2025-08-11 03:05:00,28,,2025-08-11 03:05:00,25.0,27.53,0.5033333333333333
G420151001000810010,2025-08-11 03:10:00,2025-08-11 03:10:00,22,,2025-08-11 03:10:00,26.0,27.550000000000004,0.5233333333333333
G420151001000810010,2025-08-11 03:15:00,2025-08-11 03:15:00,29,,2025-08-11 03:15:00,48.0,27.491249999999997,0.9700000000000001
G420151001000810010,2025-08-11 03:20:00,2025-08-11 03:20:00,27,,2025-08-11 03:20:00,32.0,27.54625,0.6433333333333333
G420151001000810010,2025-08-11 03:25:00,2025-08-11 03:25:00,24,,2025-08-11 03:25:00,33.0,27.52969696969697,0.6666666666666666
G420151001000810010,2025-08-11 03:30:00,2025-08-11 03:30:00,24,,2025-08-11 03:30:00,33.0,27.541515151515156,0.6666666666666666
G420151001000810010,2025-08-11 03:35:00,2025-08-11 03:35:00,34,,2025-08-11 03:35:00,42.0,27.494999999999997,0.8466666666666667
G420151001000810010,2025-08-11 03:40:00,2025-08-11 03:40:00,39,,2025-08-11 03:40:00,41.0,27.53317073170732,0.8266666666666667
G420151001000810010,2025-08-11 03:45:00,2025-08-11 03:45:00,23,,2025-08-11 03:45:00,40.0,27.58125,0.8066666666666666
G420151001000810010,2025-08-11 03:50:00,2025-08-11 03:50:00,39,,2025-08-11 03:50:00,45.0,27.532444444444444,0.9066666666666666
G420151001000810010,2025-08-11 03:55:00,2025-08-11 03:55:00,32,,2025-08-11 03:55:00,29.0,27.534482758620687,0.5833333333333334
G420151001000820010,2025-08-11 03:00:00,2025-08-11 03:00:00,34,,2025-08-11 03:00:00,7.0,27.2,0.14333333333333334
G420151001000820010,2025-08-11 03:05:00,2025-08-11 03:05:00,58,,2025-08-11 03:05:00,36.0,27.53333333333333,0.7266666666666667
G420151001000820010,2025-08-11 03:10:00,2025-08-11 03:10:00,39,,2025-08-11 03:10:00,30.0,27.516000000000002,0.6066666666666666
G420151001000820010,2025-08-11 03:15:00,2025-08-11 03:15:00,38,,2025-08-11 03:15:00,46.0,27.356956521739132,0.9333333333333332
G420151001000820010,2025-08-11 03:20:00,2025-08-11 03:20:00,47,,2025-08-11 03:20:00,46.0,27.483478260869564,0.93
G420151001000820010,2025-08-11 03:25:00,2025-08-11 03:25:00,46,,2025-08-11 03:25:00,40.0,27.468,0.8066666666666666
G420151001000820010,2025-08-11 03:30:00,2025-08-11 03:30:00,40,,2025-08-11 03:30:00,51.0,27.513921568627453,1.03
G420151001000820010,2025-08-11 03:35:00,2025-08-11 03:35:00,52,,2025-08-11 03:35:00,49.0,27.526326530612245,0.9866666666666667
G420151001000820010,2025-08-11 03:40:00,2025-08-11 03:40:00,40,,2025-08-11 03:40:00,40.0,27.47675,0.8066666666666668
G420151001000820010,2025-08-11 03:45:00,2025-08-11 03:45:00,46,,2025-08-11 03:45:00,53.0,27.522641509433964,1.07
G420151001000820010,2025-08-11 03:50:00,2025-08-11 03:50:00,40,,2025-08-11 03:50:00,36.0,27.51166666666667,0.7266666666666667
G420151001000820010,2025-08-11 03:55:00,2025-08-11 03:55:00,30,,2025-08-11 03:55:00,33.0,27.493939393939392,0.6666666666666666
G420151001000910010,2025-08-11 03:00:00,2025-08-11 03:00:00,39,,2025-08-11 03:00:00,19.0,23.0,0.47333333333333333
G420151001000910010,2025-08-11 03:05:00,2025-08-11 03:05:00,53,,2025-08-11 03:05:00,34.0,24.86705882352941,0.7766666666666667
G420151001000910010,2025-08-11 03:10:00,2025-08-11 03:10:00,35,,2025-08-11 03:10:00,41.0,24.769,0.9266666666666666
G420151001000910010,2025-08-11 03:15:00,2025-08-11 03:15:00,38,,2025-08-11 03:15:00,38.0,26.733589743589746,0.81
G420151001000910010,2025-08-11 03:20:00,2025-08-11 03:20:00,48,,2025-08-11 03:20:00,43.0,26.55604651162791,0.91
G420151001000910010,2025-08-11 03:25:00,2025-08-11 03:25:00,32,,2025-08-11 03:25:00,31.0,26.301290322580645,0.6633333333333333
G420151001000910010,2025-08-11 03:30:00,2025-08-11 03:30:00,32,,2025-08-11 03:30:00,24.0,26.545,0.5066666666666667
G420151001000910010,2025-08-11 03:35:00,2025-08-11 03:35:00,37,,2025-08-11 03:35:00,46.0,26.243913043478262,0.9866666666666667
G420151001000910010,2025-08-11 03:40:00,2025-08-11 03:40:00,47,,2025-08-11 03:40:00,46.0,26.645434782608692,0.9700000000000001
G420151001000910010,2025-08-11 03:45:00,2025-08-11 03:45:00,30,,2025-08-11 03:45:00,34.0,26.64558823529412,0.7166666666666667
G420151001000910010,2025-08-11 03:50:00,2025-08-11 03:50:00,56,,2025-08-11 03:50:00,41.0,26.940243902439022,0.85
G420151001000910010,2025-08-11 03:55:00,2025-08-11 03:55:00,43,,2025-08-11 03:55:00,34.0,26.369117647058825,0.7266666666666667
G420151001000920010,2025-08-11 03:00:00,2025-08-11 03:00:00,50,,2025-08-11 03:00:00,9.0,27.49,0.18333333333333335
G420151001000920010,2025-08-11 03:05:00,2025-08-11 03:05:00,58,,2025-08-11 03:05:00,41.0,27.526585365853656,0.8266666666666667
G420151001000920010,2025-08-11 03:10:00,2025-08-11 03:10:00,44,,2025-08-11 03:10:00,37.0,27.539729729729732,0.7466666666666667
G420151001000920010,2025-08-11 03:15:00,2025-08-11 03:15:00,49,,2025-08-11 03:15:00,58.0,27.522068965517242,1.17
G420151001000920010,2025-08-11 03:20:00,2025-08-11 03:20:00,51,,2025-08-11 03:20:00,49.0,27.49,0.9899999999999999
G420151001000920010,2025-08-11 03:25:00,2025-08-11 03:25:00,44,,2025-08-11 03:25:00,37.0,27.54027027027027,0.7466666666666666
G420151001000920010,2025-08-11 03:30:00,2025-08-11 03:30:00,51,,2025-08-11 03:30:00,63.0,27.545714285714286,1.2733333333333332
G420151001000920010,2025-08-11 03:35:00,2025-08-11 03:35:00,52,,2025-08-11 03:35:00,44.0,27.504545454545454,0.8866666666666666
G420151001000920010,2025-08-11 03:40:00,2025-08-11 03:40:00,38,,2025-08-11 03:40:00,50.0,27.5112,1.01
G420151001000920010,2025-08-11 03:45:00,2025-08-11 03:45:00,61,,2025-08-11 03:45:00,57.0,27.56105263157895,1.1466666666666667
G420151001000920010,2025-08-11 03:50:00,2025-08-11 03:50:00,38,,2025-08-11 03:50:00,37.0,27.53243243243243,0.7466666666666667
G420151001000920010,2025-08-11 03:55:00,2025-08-11 03:55:00,40,,2025-08-11 03:55:00,44.0,27.532727272727275,0.8866666666666667
G420151001001010010,2025-08-11 03:00:00,2025-08-11 03:00:00,43,,2025-08-11 03:00:00,16.0,20.13,0.49
G420151001001010010,2025-08-11 03:05:00,2025-08-11 03:05:00,42,,2025-08-11 03:05:00,24.0,26.430000000000003,0.52
G420151001001010010,2025-08-11 03:10:00,2025-08-11 03:10:00,44,,2025-08-11 03:10:00,42.0,25.11714285714286,0.98
G420151001001010010,2025-08-11 03:15:00,2025-08-11 03:15:00,46,,2025-08-11 03:15:00,43.0,24.501627906976747,1.05
G420151001001010010,2025-08-11 03:20:00,2025-08-11 03:20:00,49,,2025-08-11 03:20:00,58.0,25.08824561403509,1.4233333333333331
G420151001001010010,2025-08-11 03:25:00,2025-08-11 03:25:00,35,,2025-08-11 03:25:00,35.0,25.952857142857145,0.7799999999999999
G420151001001010010,2025-08-11 03:30:00,2025-08-11 03:30:00,33,,2025-08-11 03:30:00,34.0,26.01235294117647,0.7566666666666665
G420151001001010010,2025-08-11 03:35:00,2025-08-11 03:35:00,38,,2025-08-11 03:35:00,39.0,25.241538461538457,0.9066666666666667
G420151001001010010,2025-08-11 03:40:00,2025-08-11 03:40:00,43,,2025-08-11 03:40:00,48.0,25.892500000000002,1.0766666666666667
G420151001001010010,2025-08-11 03:45:00,2025-08-11 03:45:00,48,,2025-08-11 03:45:00,44.0,25.09977272727273,1.0333333333333334
G420151001001010010,2025-08-11 03:50:00,2025-08-11 03:50:00,35,,2025-08-11 03:50:00,39.0,26.544871794871796,0.8399999999999999
G420151001001010010,2025-08-11 03:55:00,2025-08-11 03:55:00,42,,2025-08-11 03:55:00,44.0,26.589999999999996,0.9433333333333334
G420151001001020010,2025-08-11 03:00:00,2025-08-11 03:00:00,56,,2025-08-11 03:00:00,28.0,27.525357142857143,0.5633333333333334
G420151001001020010,2025-08-11 03:05:00,2025-08-11 03:05:00,44,,2025-08-11 03:05:00,33.0,27.548181818181817,0.6666666666666666
G420151001001020010,2025-08-11 03:10:00,2025-08-11 03:10:00,45,,2025-08-11 03:10:00,43.0,26.963333333333335,0.96
G420151001001020010,2025-08-11 03:15:00,2025-08-11 03:15:00,42,,2025-08-11 03:15:00,50.0,27.5352,1.0066666666666666
G420151001001020010,2025-08-11 03:20:00,2025-08-11 03:20:00,48,,2025-08-11 03:20:00,43.0,27.533023255813955,0.8666666666666666
G420151001001020010,2025-08-11 03:25:00,2025-08-11 03:25:00,45,,2025-08-11 03:25:00,50.0,27.555999999999994,1.01
G420151001001020010,2025-08-11 03:30:00,2025-08-11 03:30:00,53,,2025-08-11 03:30:00,53.0,27.53811320754717,1.07
G420151001001020010,2025-08-11 03:35:00,2025-08-11 03:35:00,45,,2025-08-11 03:35:00,41.0,27.499024390243903,0.8266666666666667
G420151001001020010,2025-08-11 03:40:00,2025-08-11 03:40:00,46,,2025-08-11 03:40:00,59.0,27.51016949152542,1.19
G420151001001020010,2025-08-11 03:45:00,2025-08-11 03:45:00,54,,2025-08-11 03:45:00,46.0,27.523043478260867,0.9266666666666667
G420151001001020010,2025-08-11 03:50:00,2025-08-11 03:50:00,36,,2025-08-11 03:50:00,36.0,27.52777777777778,0.7266666666666667
G420151001001020010,2025-08-11 03:55:00,2025-08-11 03:55:00,34,,2025-08-11 03:55:00,41.0,27.486829268292684,0.8266666666666668
G420151001001110010,2025-08-11 03:00:00,2025-08-11 03:00:00,47,,2025-08-11 03:00:00,22.0,27.56,0.44333333333333336
G420151001001110010,2025-08-11 03:05:00,2025-08-11 03:05:00,40,,2025-08-11 03:05:00,24.0,27.508750000000003,0.48333333333333334
G420151001001110010,2025-08-11 03:10:00,2025-08-11 03:10:00,50,,2025-08-11 03:10:00,37.0,27.52081081081081,0.7466666666666666
G420151001001110010,2025-08-11 03:15:00,2025-08-11 03:15:00,37,,2025-08-11 03:15:00,36.0,27.59,0.7233333333333333
G420151001001110010,2025-08-11 03:20:00,2025-08-11 03:20:00,42,,2025-08-11 03:20:00,49.0,27.532653061224494,0.9866666666666667
G420151001001110010,2025-08-11 03:25:00,2025-08-11 03:25:00,37,,2025-08-11 03:25:00,40.0,27.531,0.8066666666666666
G420151001001110010,2025-08-11 03:30:00,2025-08-11 03:30:00,35,,2025-08-11 03:30:00,29.0,27.56,0.5833333333333334
G420151001001110010,2025-08-11 03:35:00,2025-08-11 03:35:00,39,,2025-08-11 03:35:00,42.0,27.335714285714282,0.8533333333333334
G420151001001110010,2025-08-11 03:40:00,2025-08-11 03:40:00,48,,2025-08-11 03:40:00,51.0,27.54392156862745,1.03
G420151001001110010,2025-08-11 03:45:00,2025-08-11 03:45:00,38,,2025-08-11 03:45:00,46.0,27.54608695652174,0.9266666666666667
G420151001001110010,2025-08-11 03:50:00,2025-08-11 03:50:00,39,,2025-08-11 03:50:00,37.0,27.526486486486487,0.7466666666666667
G420151001001110010,2025-08-11 03:55:00,2025-08-11 03:55:00,49,,2025-08-11 03:55:00,41.0,27.54268292682927,0.8266666666666667
G420151001001120010,2025-08-11 03:00:00,2025-08-11 03:00:00,59,,2025-08-11 03:00:00,27.0,27.545185185185186,0.5433333333333333
G420151001001120010,2025-08-11 03:05:00,2025-08-11 03:05:00,36,,2025-08-11 03:05:00,32.0,27.5234375,0.6466666666666666
G420151001001120010,2025-08-11 03:10:00,2025-08-11 03:10:00,38,,2025-08-11 03:10:00,46.0,27.545217391304345,0.9266666666666666
G420151001001120010,2025-08-11 03:15:00,2025-08-11 03:15:00,46,,2025-08-11 03:15:00,42.0,27.594285714285714,0.8466666666666667
G420151001001120010,2025-08-11 03:20:00,2025-08-11 03:20:00,38,,2025-08-11 03:20:00,39.0,27.524615384615384,0.7866666666666666
G420151001001120010,2025-08-11 03:25:00,2025-08-11 03:25:00,45,,2025-08-11 03:25:00,55.0,27.562727272727273,1.1066666666666667
G420151001001120010,2025-08-11 03:30:00,2025-08-11 03:30:00,50,,2025-08-11 03:30:00,43.0,27.57883720930232,0.8666666666666666
G420151001001120010,2025-08-11 03:35:00,2025-08-11 03:35:00,35,,2025-08-11 03:35:00,41.0,27.512439024390243,0.8266666666666667
G420151001001120010,2025-08-11 03:40:00,2025-08-11 03:40:00,60,,2025-08-11 03:40:00,62.0,27.532903225806454,1.25
G420151001001120010,2025-08-11 03:45:00,2025-08-11 03:45:00,37,,2025-08-11 03:45:00,41.0,27.532439024390243,0.8266666666666667
G420151001001120010,2025-08-11 03:50:00,2025-08-11 03:50:00,39,,2025-08-11 03:50:00,34.0,27.48970588235294,0.6866666666666666
G420151001001120010,2025-08-11 03:55:00,2025-08-11 03:55:00,36,,2025-08-11 03:55:00,43.0,27.5253488372093,0.8666666666666667
G420151001001210010,2025-08-11 03:00:00,2025-08-11 03:00:00,51,,2025-08-11 03:00:00,27.0,27.58,0.5433333333333333
G420151001001210010,2025-08-11 03:05:00,2025-08-11 03:05:00,44,,2025-08-11 03:05:00,24.0,27.535416666666663,0.48333333333333334
G420151001001210010,2025-08-11 03:10:00,2025-08-11 03:10:00,43,,2025-08-11 03:10:00,36.0,27.529444444444444,0.7266666666666667
G420151001001210010,2025-08-11 03:15:00,2025-08-11 03:15:00,41,,2025-08-11 03:15:00,50.0,27.5108,1.01
G420151001001210010,2025-08-11 03:20:00,2025-08-11 03:20:00,46,,2025-08-11 03:20:00,33.0,27.520909090909093,0.6666666666666666
G420151001001210010,2025-08-11 03:25:00,2025-08-11 03:25:00,40,,2025-08-11 03:25:00,52.0,27.530384615384612,1.0466666666666666
G420151001001210010,2025-08-11 03:30:00,2025-08-11 03:30:00,40,,2025-08-11 03:30:00,39.0,27.562307692307694,0.7866666666666667
G420151001001210010,2025-08-11 03:35:00,2025-08-11 03:35:00,37,,2025-08-11 03:35:00,36.0,27.502499999999998,0.7266666666666666
G420151001001210010,2025-08-11 03:40:00,2025-08-11 03:40:00,47,,2025-08-11 03:40:00,53.0,27.527735849056604,1.07
G420151001001210010,2025-08-11 03:45:00,2025-08-11 03:45:00,45,,2025-08-11 03:45:00,51.0,27.48176470588235,1.03
G420151001001210010,2025-08-11 03:50:00,2025-08-11 03:50:00,41,,2025-08-11 03:50:00,32.0,27.54,0.6466666666666666
G420151001001210010,2025-08-11 03:55:00,2025-08-11 03:55:00,39,,2025-08-11 03:55:00,43.0,27.510232558139535,0.8666666666666667
G420151001001220010,2025-08-11 03:00:00,2025-08-11 03:00:00,45,,2025-08-11 03:00:00,23.0,27.47826086956521,0.4633333333333334
G420151001001220010,2025-08-11 03:05:00,2025-08-11 03:05:00,46,,2025-08-11 03:05:00,33.0,27.514242424242425,0.6666666666666666
G420151001001220010,2025-08-11 03:10:00,2025-08-11 03:10:00,40,,2025-08-11 03:10:00,41.0,27.54390243902439,0.8266666666666667
G420151001001220010,2025-08-11 03:15:00,2025-08-11 03:15:00,42,,2025-08-11 03:15:00,37.0,27.525135135135137,0.7466666666666667
G420151001001220010,2025-08-11 03:20:00,2025-08-11 03:20:00,31,,2025-08-11 03:20:00,31.0,27.483870967741936,0.6266666666666666
G420151001001220010,2025-08-11 03:25:00,2025-08-11 03:25:00,47,,2025-08-11 03:25:00,42.0,27.490000000000002,0.8500000000000001
G420151001001220010,2025-08-11 03:30:00,2025-08-11 03:30:00,30,,2025-08-11 03:30:00,29.0,27.536896551724137,0.5833333333333334
G420151001001220010,2025-08-11 03:35:00,2025-08-11 03:35:00,33,,2025-08-11 03:35:00,36.0,27.491111111111113,0.7266666666666666
G420151001001220010,2025-08-11 03:40:00,2025-08-11 03:40:00,61,,2025-08-11 03:40:00,57.0,27.53368421052632,1.1466666666666667
G420151001001220010,2025-08-11 03:45:00,2025-08-11 03:45:00,37,,2025-08-11 03:45:00,32.0,27.544062500000003,0.6433333333333333
G420151001001220010,2025-08-11 03:50:00,2025-08-11 03:50:00,37,,2025-08-11 03:50:00,39.0,27.542307692307695,0.7866666666666667
G420151001001220010,2025-08-11 03:55:00,2025-08-11 03:55:00,37,,2025-08-11 03:55:00,36.0,27.50416666666667,0.7266666666666667
G420151001001310010,2025-08-11 03:00:00,2025-08-11 03:00:00,37,,2025-08-11 03:00:00,56.0,24.17607142857143,0.8720000000000001
G420151001001310010,2025-08-11 03:05:00,2025-08-11 03:05:00,41,,2025-08-11 03:05:00,58.0,22.3375,0.9800000000000001
G420151001001310010,2025-08-11 03:10:00,2025-08-11 03:10:00,45,,2025-08-11 03:10:00,71.0,22.526619718309856,1.2120000000000002
G420151001001310010,2025-08-11 03:15:00,2025-08-11 03:15:00,35,,2025-08-11 03:15:00,76.0,25.687894736842107,1.06
G420151001001310010,2025-08-11 03:20:00,2025-08-11 03:20:00,36,,2025-08-11 03:20:00,58.0,23.249310344827588,0.9560000000000001
G420151001001310010,2025-08-11 03:25:00,2025-08-11 03:25:00,33,,2025-08-11 03:25:00,50.0,24.758000000000003,0.74
G420151001001310010,2025-08-11 03:30:00,2025-08-11 03:30:00,31,,2025-08-11 03:30:00,71.0,24.95169014084507,1.044
G420151001001310010,2025-08-11 03:35:00,2025-08-11 03:35:00,33,,2025-08-11 03:35:00,60.0,23.214000000000002,0.9800000000000001
G420151001001310010,2025-08-11 03:40:00,2025-08-11 03:40:00,38,,2025-08-11 03:40:00,78.0,25.912820512820513,1.068
G420151001001310010,2025-08-11 03:45:00,2025-08-11 03:45:00,49,,2025-08-11 03:45:00,84.0,23.877380952380953,1.324
G420151001001310010,2025-08-11 03:50:00,2025-08-11 03:50:00,30,,2025-08-11 03:50:00,67.0,23.538507462686567,1.0699999999999998
G420151001001310010,2025-08-11 03:55:00,2025-08-11 03:55:00,41,,2025-08-11 03:55:00,62.0,23.205806451612904,1.012
G420151001001320010,2025-08-11 03:00:00,2025-08-11 03:00:00,33,,2025-08-11 03:00:00,7.0,22.988571428571426,0.10200000000000001
G420151001001320010,2025-08-11 03:05:00,2025-08-11 03:05:00,37,,2025-08-11 03:05:00,23.0,24.83391304347826,0.312
G420151001001320010,2025-08-11 03:10:00,2025-08-11 03:10:00,36,,2025-08-11 03:10:00,43.0,26.204186046511627,0.55
G420151001001320010,2025-08-11 03:15:00,2025-08-11 03:15:00,38,,2025-08-11 03:15:00,33.0,26.597575757575758,0.41400000000000003
G420151001001320010,2025-08-11 03:20:00,2025-08-11 03:20:00,33,,2025-08-11 03:20:00,39.0,26.169736842105266,0.542
G420151001001320010,2025-08-11 03:25:00,2025-08-11 03:25:00,38,,2025-08-11 03:25:00,44.0,26.29,0.5599999999999999
G420151001001320010,2025-08-11 03:30:00,2025-08-11 03:30:00,29,,2025-08-11 03:30:00,34.0,25.807878787878792,0.484
G420151001001320010,2025-08-11 03:35:00,2025-08-11 03:35:00,41,,2025-08-11 03:35:00,43.0,26.353720930232555,0.55
G420151001001320010,2025-08-11 03:40:00,2025-08-11 03:40:00,57,,2025-08-11 03:40:00,48.0,26.47875,0.608
G420151001001320010,2025-08-11 03:45:00,2025-08-11 03:45:00,38,,2025-08-11 03:45:00,41.0,26.16804878048781,0.5239999999999999
G420151001001320010,2025-08-11 03:50:00,2025-08-11 03:50:00,39,,2025-08-11 03:50:00,43.0,26.438372093023254,0.5439999999999999
G420151001001320010,2025-08-11 03:55:00,2025-08-11 03:55:00,28,,2025-08-11 03:55:00,34.0,26.64029411764706,0.42800000000000005
G420151002000110010,2025-08-11 03:00:00,2025-08-11 03:00:00,40,,2025-08-11 03:00:00,6.0,27.5,0.12
G420151002000110010,2025-08-11 03:05:00,2025-08-11 03:05:00,28,,2025-08-11 03:05:00,33.0,27.51,0.6666666666666666
G420151002000110010,2025-08-11 03:10:00,2025-08-11 03:10:00,40,,2025-08-11 03:10:00,32.0,27.517500000000002,0.6466666666666666
G420151002000110010,2025-08-11 03:15:00,2025-08-11 03:15:00,33,,2025-08-11 03:15:00,30.0,27.51,0.6066666666666666
G420151002000110010,2025-08-11 03:20:00,2025-08-11 03:20:00,30,,2025-08-11 03:20:00,35.0,27.531428571428574,0.7066666666666667
G420151002000110010,2025-08-11 03:25:00,2025-08-11 03:25:00,34,,2025-08-11 03:25:00,25.0,27.5136,0.5033333333333333
G420151002000110010,2025-08-11 03:30:00,2025-08-11 03:30:00,22,,2025-08-11 03:30:00,28.0,27.540714285714284,0.5633333333333334
G420151002000110010,2025-08-11 03:35:00,2025-08-11 03:35:00,27,,2025-08-11 03:35:00,30.0,27.533333333333335,0.6033333333333334
G420151002000110010,2025-08-11 03:40:00,2025-08-11 03:40:00,30,,2025-08-11 03:40:00,25.0,27.554799999999997,0.5033333333333333
G420151002000110010,2025-08-11 03:45:00,2025-08-11 03:45:00,31,,2025-08-11 03:45:00,41.0,27.517804878048782,0.8266666666666667
G420151002000110010,2025-08-11 03:50:00,2025-08-11 03:50:00,39,,2025-08-11 03:50:00,40.0,27.5315,0.8066666666666666
G420151002000110010,2025-08-11 03:55:00,2025-08-11 03:55:00,26,,2025-08-11 03:55:00,25.0,27.5156,0.5033333333333333
G420151002000120010,2025-08-11 03:00:00,2025-08-11 03:00:00,22,,2025-08-11 03:00:00,10.0,27.630000000000003,0.19999999999999998
G420151002000120010,2025-08-11 03:05:00,2025-08-11 03:05:00,29,,2025-08-11 03:05:00,21.0,27.51047619047619,0.42333333333333334
G420151002000120010,2025-08-11 03:10:00,2025-08-11 03:10:00,29,,2025-08-11 03:10:00,24.0,27.54375,0.48333333333333334
G420151002000120010,2025-08-11 03:15:00,2025-08-11 03:15:00,27,,2025-08-11 03:15:00,31.0,27.56,0.6233333333333334
G420151002000120010,2025-08-11 03:20:00,2025-08-11 03:20:00,35,,2025-08-11 03:20:00,35.0,27.47885714285714,0.7066666666666667
G420151002000120010,2025-08-11 03:25:00,2025-08-11 03:25:00,20,,2025-08-11 03:25:00,26.0,27.48730769230769,0.5233333333333333
G420151002000120010,2025-08-11 03:30:00,2025-08-11 03:30:00,41,,2025-08-11 03:30:00,32.0,27.508125000000003,0.6466666666666666
G420151002000120010,2025-08-11 03:35:00,2025-08-11 03:35:00,37,,2025-08-11 03:35:00,39.0,27.505384615384617,0.7866666666666667
G420151002000120010,2025-08-11 03:40:00,2025-08-11 03:40:00,32,,2025-08-11 03:40:00,31.0,27.547096774193548,0.6233333333333333
G420151002000120010,2025-08-11 03:45:00,2025-08-11 03:45:00,30,,2025-08-11 03:45:00,34.0,27.52470588235294,0.6866666666666666
G420151002000120010,2025-08-11 03:50:00,2025-08-11 03:50:00,28,,2025-08-11 03:50:00,29.0,27.49827586206896,0.5866666666666666
G420151002000120010,2025-08-11 03:55:00,2025-08-11 03:55:00,37,,2025-08-11 03:55:00,30.0,27.543999999999997,0.6033333333333333
G420151002000210010,2025-08-11 03:00:00,2025-08-11 03:00:00,35,,2025-08-11 03:00:00,7.0,27.49,0.13999999999999999
G420151002000210010,2025-08-11 03:05:00,2025-08-11 03:05:00,40,,2025-08-11 03:05:00,36.0,27.44666666666667,0.73
G420151002000210010,2025-08-11 03:10:00,2025-08-11 03:10:00,47,,2025-08-11 03:10:00,40.0,27.583999999999996,0.8066666666666666
G420151002000210010,2025-08-11 03:15:00,2025-08-11 03:15:00,36,,2025-08-11 03:15:00,28.0,27.522142857142857,0.5633333333333334
G420151002000210010,2025-08-11 03:20:00,2025-08-11 03:20:00,34,,2025-08-11 03:20:00,42.0,27.476666666666667,0.85
G420151002000210010,2025-08-11 03:25:00,2025-08-11 03:25:00,45,,2025-08-11 03:25:00,36.0,27.551944444444445,0.7266666666666667
G420151002000210010,2025-08-11 03:30:00,2025-08-11 03:30:00,24,,2025-08-11 03:30:00,25.0,27.498,0.5033333333333333
G420151002000210010,2025-08-11 03:35:00,2025-08-11 03:35:00,31,,2025-08-11 03:35:00,31.0,27.54290322580645,0.6233333333333333
G420151002000210010,2025-08-11 03:40:00,2025-08-11 03:40:00,30,,2025-08-11 03:40:00,30.0,27.505666666666666,0.6066666666666667
G420151002000210010,2025-08-11 03:45:00,2025-08-11 03:45:00,34,,2025-08-11 03:45:00,32.0,27.5525,0.6433333333333334
G420151002000210010,2025-08-11 03:50:00,2025-08-11 03:50:00,37,,2025-08-11 03:50:00,44.0,27.54022727272727,0.8866666666666667
G420151002000210010,2025-08-11 03:55:00,2025-08-11 03:55:00,32,,2025-08-11 03:55:00,33.0,27.524242424242424,0.6666666666666666
G420151002000220010,2025-08-11 03:00:00,2025-08-11 03:00:00,33,,2025-08-11 03:00:00,10.0,27.440000000000005,0.20333333333333334
G420151002000220010,2025-08-11 03:05:00,2025-08-11 03:05:00,30,,2025-08-11 03:05:00,26.0,27.490000000000002,0.5266666666666667
G420151002000220010,2025-08-11 03:10:00,2025-08-11 03:10:00,35,,2025-08-11 03:10:00,27.0,27.594814814814818,0.5433333333333333
G420151002000220010,2025-08-11 03:15:00,2025-08-11 03:15:00,31,,2025-08-11 03:15:00,38.0,27.56131578947368,0.7666666666666667
G420151002000220010,2025-08-11 03:20:00,2025-08-11 03:20:00,50,,2025-08-11 03:20:00,44.0,27.525,0.8866666666666666
G420151002000220010,2025-08-11 03:25:00,2025-08-11 03:25:00,32,,2025-08-11 03:25:00,29.0,27.54214285714286,0.5666666666666667
G420151002000220010,2025-08-11 03:30:00,2025-08-11 03:30:00,38,,2025-08-11 03:30:00,38.0,27.545128205128204,0.7833333333333333
G420151002000220010,2025-08-11 03:35:00,2025-08-11 03:35:00,41,,2025-08-11 03:35:00,43.0,27.497441860465113,0.8666666666666666
G420151002000220010,2025-08-11 03:40:00,2025-08-11 03:40:00,42,,2025-08-11 03:40:00,37.0,27.544054054054058,0.7466666666666667
G420151002000220010,2025-08-11 03:45:00,2025-08-11 03:45:00,32,,2025-08-11 03:45:00,39.0,27.54923076923077,0.7866666666666666
G420151002000220010,2025-08-11 03:50:00,2025-08-11 03:50:00,39,,2025-08-11 03:50:00,32.0,27.5228125,0.6466666666666666
G420151002000220010,2025-08-11 03:55:00,2025-08-11 03:55:00,43,,2025-08-11 03:55:00,49.0,27.563061224489793,0.9866666666666667
G420151002000310010,2025-08-11 03:00:00,2025-08-11 03:00:00,36,,2025-08-11 03:00:00,14.0,27.580000000000002,0.2833333333333333
G420151002000310010,2025-08-11 03:05:00,2025-08-11 03:05:00,37,,2025-08-11 03:05:00,21.0,27.51047619047619,0.42333333333333334
G420151002000310010,2025-08-11 03:10:00,2025-08-11 03:10:00,33,,2025-08-11 03:10:00,36.0,27.557222222222222,0.7266666666666667
G420151002000310010,2025-08-11 03:15:00,2025-08-11 03:15:00,35,,2025-08-11 03:15:00,28.0,27.549285714285713,0.5633333333333334
G420151002000310010,2025-08-11 03:20:00,2025-08-11 03:20:00,31,,2025-08-11 03:20:00,37.0,27.529729729729727,0.7466666666666667
G420151002000310010,2025-08-11 03:25:00,2025-08-11 03:25:00,36,,2025-08-11 03:25:00,37.0,27.536216216216218,0.7466666666666667
G420151002000310010,2025-08-11 03:30:00,2025-08-11 03:30:00,35,,2025-08-11 03:30:00,28.0,27.549642857142857,0.5633333333333334
G420151002000310010,2025-08-11 03:35:00,2025-08-11 03:35:00,27,,2025-08-11 03:35:00,28.0,27.571428571428573,0.5633333333333334
G420151002000310010,2025-08-11 03:40:00,2025-08-11 03:40:00,26,,2025-08-11 03:40:00,20.0,27.561500000000002,0.4033333333333333
G420151002000310010,2025-08-11 03:45:00,2025-08-11 03:45:00,25,,2025-08-11 03:45:00,28.0,27.50142857142857,0.5666666666666668
G420151002000310010,2025-08-11 03:50:00,2025-08-11 03:50:00,30,,2025-08-11 03:50:00,38.0,27.54236842105263,0.7666666666666667
G420151002000310010,2025-08-11 03:55:00,2025-08-11 03:55:00,31,,2025-08-11 03:55:00,28.0,27.524285714285714,0.5666666666666667
G420151002000320010,2025-08-11 03:00:00,2025-08-11 03:00:00,31,,2025-08-11 03:00:00,9.0,27.45,0.18333333333333335
G420151002000320010,2025-08-11 03:05:00,2025-08-11 03:05:00,29,,2025-08-11 03:05:00,28.0,27.517142857142858,0.5666666666666667
G420151002000320010,2025-08-11 03:10:00,2025-08-11 03:10:00,26,,2025-08-11 03:10:00,27.0,27.50185185185185,0.5466666666666667
G420151002000320010,2025-08-11 03:15:00,2025-08-11 03:15:00,49,,2025-08-11 03:15:00,49.0,27.550816326530608,0.9866666666666667
G420151002000320010,2025-08-11 03:20:00,2025-08-11 03:20:00,35,,2025-08-11 03:20:00,33.0,27.560606060606062,0.6633333333333333
G420151002000320010,2025-08-11 03:25:00,2025-08-11 03:25:00,36,,2025-08-11 03:25:00,27.0,27.550740740740746,0.5433333333333333
G420151002000320010,2025-08-11 03:30:00,2025-08-11 03:30:00,37,,2025-08-11 03:30:00,34.0,27.56735294117647,0.6833333333333335
G420151002000320010,2025-08-11 03:35:00,2025-08-11 03:35:00,25,,2025-08-11 03:35:00,36.0,27.57,0.7233333333333333
G420151002000320010,2025-08-11 03:40:00,2025-08-11 03:40:00,36,,2025-08-11 03:40:00,30.0,27.545,0.6033333333333334
G420151002000320010,2025-08-11 03:45:00,2025-08-11 03:45:00,33,,2025-08-11 03:45:00,28.0,27.52857142857143,0.5633333333333334
G420151002000320010,2025-08-11 03:50:00,2025-08-11 03:50:00,32,,2025-08-11 03:50:00,36.0,27.50111111111111,0.7266666666666666
G420151002000320010,2025-08-11 03:55:00,2025-08-11 03:55:00,34,,2025-08-11 03:55:00,38.0,27.536842105263162,0.7666666666666666
G420151002000410010,2025-08-11 03:00:00,2025-08-11 03:00:00,44,,2025-08-11 03:00:00,10.0,27.538,0.15000000000000002
G420151002000410010,2025-08-11 03:05:00,2025-08-11 03:05:00,32,,2025-08-11 03:05:00,11.0,27.55,0.1675
G420151002000410010,2025-08-11 03:10:00,2025-08-11 03:10:00,36,,2025-08-11 03:10:00,30.0,27.533333333333335,0.45499999999999996
G420151002000410010,2025-08-11 03:15:00,2025-08-11 03:15:00,32,,2025-08-11 03:15:00,32.0,27.42125,0.485
G420151002000410010,2025-08-11 03:20:00,2025-08-11 03:20:00,33,,2025-08-11 03:20:00,28.0,27.560714285714283,0.4225
G420151002000410010,2025-08-11 03:25:00,2025-08-11 03:25:00,32,,2025-08-11 03:25:00,36.0,27.527222222222225,0.5449999999999999
G420151002000410010,2025-08-11 03:30:00,2025-08-11 03:30:00,31,,2025-08-11 03:30:00,25.0,27.5048,0.37749999999999995
G420151002000410010,2025-08-11 03:35:00,2025-08-11 03:35:00,30,,2025-08-11 03:35:00,27.0,27.512962962962963,0.4075
G420151002000410010,2025-08-11 03:40:00,2025-08-11 03:40:00,26,,2025-08-11 03:40:00,24.0,27.479583333333334,0.36250000000000004
G420151002000410010,2025-08-11 03:45:00,2025-08-11 03:45:00,23,,2025-08-11 03:45:00,23.0,27.513913043478258,0.34750000000000003
G420151002000410010,2025-08-11 03:50:00,2025-08-11 03:50:00,33,,2025-08-11 03:50:00,33.0,27.527575757575757,0.5
G420151002000410010,2025-08-11 03:55:00,2025-08-11 03:55:00,27,,2025-08-11 03:55:00,31.0,27.55258064516129,0.4675
G420151002000420010,2025-08-11 03:00:00,2025-08-11 03:00:00,23,,2025-08-11 03:00:00,20.0,25.7395,0.325
G420151002000420010,2025-08-11 03:05:00,2025-08-11 03:05:00,24,,2025-08-11 03:05:00,22.0,26.49590909090909,0.34750000000000003
G420151002000420010,2025-08-11 03:10:00,2025-08-11 03:10:00,17,,2025-08-11 03:10:00,33.0,26.333636363636362,0.525
G420151002000420010,2025-08-11 03:15:00,2025-08-11 03:15:00,37,,2025-08-11 03:15:00,39.0,26.458974358974363,0.6174999999999999
G420151002000420010,2025-08-11 03:20:00,2025-08-11 03:20:00,20,,2025-08-11 03:20:00,25.0,26.6012,0.395
G420151002000420010,2025-08-11 03:25:00,2025-08-11 03:25:00,27,,2025-08-11 03:25:00,29.0,26.098965517241375,0.46499999999999997
G420151002000420010,2025-08-11 03:30:00,2025-08-11 03:30:00,26,,2025-08-11 03:30:00,33.0,26.28181818181818,0.5275
G420151002000420010,2025-08-11 03:35:00,2025-08-11 03:35:00,26,,2025-08-11 03:35:00,36.0,26.61388888888889,0.5675
G420151002000420010,2025-08-11 03:40:00,2025-08-11 03:40:00,23,,2025-08-11 03:40:00,29.0,26.035172413793102,0.46749999999999997
G420151002000420010,2025-08-11 03:45:00,2025-08-11 03:45:00,20,,2025-08-11 03:45:00,23.0,26.292608695652174,0.3675
G420151002000420010,2025-08-11 03:50:00,2025-08-11 03:50:00,29,,2025-08-11 03:50:00,42.0,26.301190476190477,0.6725
G420151002000420010,2025-08-11 03:55:00,2025-08-11 03:55:00,23,,2025-08-11 03:55:00,28.0,26.501428571428573,0.4425
G420151002000510010,2025-08-11 03:00:00,2025-08-11 03:00:00,41,,2025-08-11 03:00:00,16.0,27.53,0.3233333333333333
G420151002000510010,2025-08-11 03:05:00,2025-08-11 03:05:00,37,,2025-08-11 03:05:00,22.0,27.581363636363633,0.44333333333333336
G420151002000510010,2025-08-11 03:10:00,2025-08-11 03:10:00,32,,2025-08-11 03:10:00,26.0,27.52,0.5233333333333333
G420151002000510010,2025-08-11 03:15:00,2025-08-11 03:15:00,34,,2025-08-11 03:15:00,37.0,27.512702702702704,0.7466666666666666
G420151002000510010,2025-08-11 03:20:00,2025-08-11 03:20:00,44,,2025-08-11 03:20:00,33.0,27.486969696969695,0.6666666666666666
G420151002000510010,2025-08-11 03:25:00,2025-08-11 03:25:00,23,,2025-08-11 03:25:00,32.0,27.505,0.6466666666666666
G420151002000510010,2025-08-11 03:30:00,2025-08-11 03:30:00,35,,2025-08-11 03:30:00,36.0,27.512222222222224,0.7266666666666666
G420151002000510010,2025-08-11 03:35:00,2025-08-11 03:35:00,41,,2025-08-11 03:35:00,35.0,27.516,0.7066666666666667
G420151002000510010,2025-08-11 03:40:00,2025-08-11 03:40:00,28,,2025-08-11 03:40:00,30.0,27.596999999999998,0.6033333333333333
G420151002000510010,2025-08-11 03:45:00,2025-08-11 03:45:00,28,,2025-08-11 03:45:00,22.0,27.537727272727274,0.44333333333333336
G420151002000510010,2025-08-11 03:50:00,2025-08-11 03:50:00,29,,2025-08-11 03:50:00,32.0,27.53125,0.6466666666666666
G420151002000510010,2025-08-11 03:55:00,2025-08-11 03:55:00,33,,2025-08-11 03:55:00,35.0,27.562285714285718,0.7066666666666667
G420151002000520010,2025-08-11 03:00:00,2025-08-11 03:00:00,32,,2025-08-11 03:00:00,20.0,27.559999999999995,0.4033333333333333
G420151002000520010,2025-08-11 03:05:00,2025-08-11 03:05:00,28,,2025-08-11 03:05:00,21.0,27.51,0.42333333333333334
G420151002000520010,2025-08-11 03:10:00,2025-08-11 03:10:00,50,,2025-08-11 03:10:00,40.0,26.54,0.8966666666666666
G420151002000520010,2025-08-11 03:15:00,2025-08-11 03:15:00,37,,2025-08-11 03:15:00,38.0,27.027894736842104,0.81
G420151002000520010,2025-08-11 03:20:00,2025-08-11 03:20:00,24,,2025-08-11 03:20:00,20.0,26.630000000000003,0.4466666666666667
G420151002000520010,2025-08-11 03:25:00,2025-08-11 03:25:00,34,,2025-08-11 03:25:00,27.0,27.47740740740741,0.5466666666666666
G420151002000520010,2025-08-11 03:30:00,2025-08-11 03:30:00,29,,2025-08-11 03:30:00,36.0,27.52,0.7266666666666667
G420151002000520010,2025-08-11 03:35:00,2025-08-11 03:35:00,27,,2025-08-11 03:35:00,24.0,27.505416666666665,0.48333333333333334
G420151002000520010,2025-08-11 03:40:00,2025-08-11 03:40:00,26,,2025-08-11 03:40:00,27.0,27.446666666666665,0.5466666666666666
G420151002000520010,2025-08-11 03:45:00,2025-08-11 03:45:00,31,,2025-08-11 03:45:00,32.0,27.5325,0.6466666666666666
G420151002000520010,2025-08-11 03:50:00,2025-08-11 03:50:00,37,,2025-08-11 03:50:00,39.0,27.539743589743587,0.7866666666666666
G420151002000520010,2025-08-11 03:55:00,2025-08-11 03:55:00,28,,2025-08-11 03:55:00,32.0,27.514375,0.6466666666666666
G420151002000610010,2025-08-11 03:00:00,2025-08-11 03:00:00,43,,2025-08-11 03:00:00,13.0,27.470000000000002,0.26333333333333336
G420151002000610010,2025-08-11 03:05:00,2025-08-11 03:05:00,41,,2025-08-11 03:05:00,25.0,27.542,0.5033333333333333
G420151002000610010,2025-08-11 03:10:00,2025-08-11 03:10:00,27,,2025-08-11 03:10:00,25.0,27.53,0.5033333333333333
G420151002000610010,2025-08-11 03:15:00,2025-08-11 03:15:00,32,,2025-08-11 03:15:00,32.0,27.529062500000002,0.6466666666666666
G420151002000610010,2025-08-11 03:20:00,2025-08-11 03:20:00,36,,2025-08-11 03:20:00,36.0,27.516666666666666,0.7266666666666667
G420151002000610010,2025-08-11 03:25:00,2025-08-11 03:25:00,36,,2025-08-11 03:25:00,25.0,27.4956,0.5033333333333333
G420151002000610010,2025-08-11 03:30:00,2025-08-11 03:30:00,28,,2025-08-11 03:30:00,37.0,27.535405405405402,0.7466666666666667
G420151002000610010,2025-08-11 03:35:00,2025-08-11 03:35:00,40,,2025-08-11 03:35:00,34.0,27.507058823529412,0.6866666666666666
G420151002000610010,2025-08-11 03:40:00,2025-08-11 03:40:00,34,,2025-08-11 03:40:00,39.0,27.55461538461538,0.7866666666666667
G420151002000610010,2025-08-11 03:45:00,2025-08-11 03:45:00,25,,2025-08-11 03:45:00,23.0,27.558260869565213,0.4633333333333334
G420151002000610010,2025-08-11 03:50:00,2025-08-11 03:50:00,31,,2025-08-11 03:50:00,23.0,27.56,0.4633333333333333
G420151002000610010,2025-08-11 03:55:00,2025-08-11 03:55:00,31,,2025-08-11 03:55:00,33.0,27.546363636363637,0.6633333333333333
G420151002000620010,2025-08-11 03:00:00,2025-08-11 03:00:00,29,,2025-08-11 03:00:00,16.0,20.65,0.47
G420151002000620010,2025-08-11 03:05:00,2025-08-11 03:05:00,26,,2025-08-11 03:05:00,22.0,22.464545454545455,0.59
G420151002000620010,2025-08-11 03:10:00,2025-08-11 03:10:00,47,,2025-08-11 03:10:00,38.0,23.53421052631579,0.9633333333333334
G420151002000620010,2025-08-11 03:15:00,2025-08-11 03:15:00,34,,2025-08-11 03:15:00,32.0,25.485,0.73
G420151002000620010,2025-08-11 03:20:00,2025-08-11 03:20:00,28,,2025-08-11 03:20:00,25.0,25.588,0.5666666666666667
G420151002000620010,2025-08-11 03:25:00,2025-08-11 03:25:00,26,,2025-08-11 03:25:00,24.0,25.512500000000003,0.5466666666666666
G420151002000620010,2025-08-11 03:30:00,2025-08-11 03:30:00,28,,2025-08-11 03:30:00,31.0,24.404838709677417,0.7533333333333333
G420151002000620010,2025-08-11 03:35:00,2025-08-11 03:35:00,23,,2025-08-11 03:35:00,25.0,24.967999999999996,0.59
G420151002000620010,2025-08-11 03:40:00,2025-08-11 03:40:00,30,,2025-08-11 03:40:00,24.0,23.795833333333334,0.6
G420151002000620010,2025-08-11 03:45:00,2025-08-11 03:45:00,28,,2025-08-11 03:45:00,37.0,24.505675675675672,0.8833333333333333
G420151002000620010,2025-08-11 03:50:00,2025-08-11 03:50:00,32,,2025-08-11 03:50:00,28.0,24.127142857142854,0.6866666666666666
G420151002000620010,2025-08-11 03:55:00,2025-08-11 03:55:00,25,,2025-08-11 03:55:00,29.0,25.433103448275865,0.6633333333333333
G420151002000710010,2025-08-11 03:00:00,2025-08-11 03:00:00,27,,2025-08-11 03:00:00,6.0,27.52,0.12
G420151002000710010,2025-08-11 03:05:00,2025-08-11 03:05:00,29,,2025-08-11 03:05:00,21.0,26.3105,0.5166666666666666
G420151002000710010,2025-08-11 03:10:00,2025-08-11 03:10:00,26,,2025-08-11 03:10:00,21.0,27.524,0.41999999999999993
G420151002000710010,2025-08-11 03:15:00,2025-08-11 03:15:00,24,,2025-08-11 03:15:00,28.0,27.4,0.57
G420151002000710010,2025-08-11 03:20:00,2025-08-11 03:20:00,29,,2025-08-11 03:20:00,20.0,27.504,0.4033333333333333
G420151002000710010,2025-08-11 03:25:00,2025-08-11 03:25:00,26,,2025-08-11 03:25:00,25.0,27.373599999999996,0.5066666666666667
G420151002000710010,2025-08-11 03:30:00,2025-08-11 03:30:00,27,,2025-08-11 03:30:00,27.0,27.546923076923072,0.5299999999999999
G420151002000710010,2025-08-11 03:35:00,2025-08-11 03:35:00,29,,2025-08-11 03:35:00,26.0,26.6,0.6366666666666666
G420151002000710010,2025-08-11 03:40:00,2025-08-11 03:40:00,30,,2025-08-11 03:40:00,25.0,26.193749999999998,0.6033333333333334
G420151002000710010,2025-08-11 03:45:00,2025-08-11 03:45:00,20,,2025-08-11 03:45:00,21.0,27.460476190476193,0.42333333333333334
G420151002000710010,2025-08-11 03:50:00,2025-08-11 03:50:00,22,,2025-08-11 03:50:00,17.0,27.53,0.3433333333333333
G420151002000710010,2025-08-11 03:55:00,2025-08-11 03:55:00,18,,2025-08-11 03:55:00,16.0,27.51,0.3233333333333333
G420151002000720010,2025-08-11 03:00:00,2025-08-11 03:00:00,20,,2025-08-11 03:00:00,9.0,27.51,0.18333333333333335
G420151002000720010,2025-08-11 03:05:00,2025-08-11 03:05:00,33,,2025-08-11 03:05:00,11.0,27.49,0.22333333333333336
G420151002000720010,2025-08-11 03:10:00,2025-08-11 03:10:00,21,,2025-08-11 03:10:00,27.0,27.540000000000003,0.5433333333333333
G420151002000720010,2025-08-11 03:15:00,2025-08-11 03:15:00,30,,2025-08-11 03:15:00,16.0,27.51,0.3233333333333333
G420151002000720010,2025-08-11 03:20:00,2025-08-11 03:20:00,25,,2025-08-11 03:20:00,20.0,27.5305,0.4033333333333333
G420151002000720010,2025-08-11 03:25:00,2025-08-11 03:25:00,19,,2025-08-11 03:25:00,18.0,27.53,0.36333333333333334
G420151002000720010,2025-08-11 03:30:00,2025-08-11 03:30:00,20,,2025-08-11 03:30:00,14.0,27.52,0.2833333333333333
G420151002000720010,2025-08-11 03:35:00,2025-08-11 03:35:00,18,,2025-08-11 03:35:00,18.0,27.5,0.36333333333333334
G420151002000720010,2025-08-11 03:40:00,2025-08-11 03:40:00,24,,2025-08-11 03:40:00,20.0,27.555500000000002,0.4033333333333333
G420151002000720010,2025-08-11 03:45:00,2025-08-11 03:45:00,22,,2025-08-11 03:45:00,25.0,27.477999999999998,0.5066666666666667
G420151002000720010,2025-08-11 03:50:00,2025-08-11 03:50:00,18,,2025-08-11 03:50:00,19.0,27.477894736842106,0.3833333333333333
G420151002000720010,2025-08-11 03:55:00,2025-08-11 03:55:00,27,,2025-08-11 03:55:00,22.0,27.382727272727276,0.4466666666666666
G420151002000810010,2025-08-11 03:00:00,2025-08-11 03:00:00,28,,2025-08-11 03:00:00,8.0,27.54,0.16
G420151002000810010,2025-08-11 03:05:00,2025-08-11 03:05:00,28,,2025-08-11 03:05:00,15.0,27.45,0.30333333333333334
G420151002000810010,2025-08-11 03:10:00,2025-08-11 03:10:00,28,,2025-08-11 03:10:00,25.0,27.5504,0.5033333333333333
G420151002000810010,2025-08-11 03:15:00,2025-08-11 03:15:00,21,,2025-08-11 03:15:00,24.0,27.57166666666667,0.48333333333333334
G420151002000810010,2025-08-11 03:20:00,2025-08-11 03:20:00,28,,2025-08-11 03:20:00,25.0,27.553999999999995,0.5033333333333333
G420151002000810010,2025-08-11 03:25:00,2025-08-11 03:25:00,21,,2025-08-11 03:25:00,25.0,27.51,0.5033333333333333
G420151002000810010,2025-08-11 03:30:00,2025-08-11 03:30:00,24,,2025-08-11 03:30:00,16.0,27.541249999999998,0.3233333333333333
G420151002000810010,2025-08-11 03:35:00,2025-08-11 03:35:00,21,,2025-08-11 03:35:00,30.0,27.540666666666667,0.6033333333333334
G420151002000810010,2025-08-11 03:40:00,2025-08-11 03:40:00,27,,2025-08-11 03:40:00,25.0,27.57,0.5033333333333333
G420151002000810010,2025-08-11 03:45:00,2025-08-11 03:45:00,30,,2025-08-11 03:45:00,26.0,27.550000000000004,0.5233333333333333
G420151002000810010,2025-08-11 03:50:00,2025-08-11 03:50:00,14,,2025-08-11 03:50:00,15.0,27.530000000000005,0.30333333333333334
G420151002000810010,2025-08-11 03:55:00,2025-08-11 03:55:00,20,,2025-08-11 03:55:00,18.0,27.5,0.36333333333333334
G420151002000820010,2025-08-11 03:00:00,2025-08-11 03:00:00,29,,2025-08-11 03:00:00,6.0,12.26,0.5233333333333333
G420151002000820010,2025-08-11 03:05:00,2025-08-11 03:05:00,27,,2025-08-11 03:05:00,26.0,23.02346153846154,1.0533333333333335
G420151002000820010,2025-08-11 03:10:00,2025-08-11 03:10:00,34,,2025-08-11 03:10:00,22.0,24.311818181818182,0.7666666666666666
G420151002000820010,2025-08-11 03:15:00,2025-08-11 03:15:00,30,,2025-08-11 03:15:00,24.0,24.58875,0.7999999999999999
G420151002000820010,2025-08-11 03:20:00,2025-08-11 03:20:00,26,,2025-08-11 03:20:00,25.0,24.7244,0.8266666666666667
G420151002000820010,2025-08-11 03:25:00,2025-08-11 03:25:00,28,,2025-08-11 03:25:00,26.0,24.009999999999998,0.9366666666666666
G420151002000820010,2025-08-11 03:30:00,2025-08-11 03:30:00,22,,2025-08-11 03:30:00,25.0,23.796799999999998,0.9233333333333333
G420151002000820010,2025-08-11 03:35:00,2025-08-11 03:35:00,21,,2025-08-11 03:35:00,13.0,23.970000000000002,0.47333333333333333
G420151002000820010,2025-08-11 03:40:00,2025-08-11 03:40:00,25,,2025-08-11 03:40:00,28.0,22.384642857142858,1.19
G420151002000820010,2025-08-11 03:45:00,2025-08-11 03:45:00,18,,2025-08-11 03:45:00,23.0,22.44869565217391,0.9866666666666667
G420151002000820010,2025-08-11 03:50:00,2025-08-11 03:50:00,28,,2025-08-11 03:50:00,33.0,24.78,1.0633333333333332
G420151002000820010,2025-08-11 03:55:00,2025-08-11 03:55:00,24,,2025-08-11 03:55:00,19.0,20.174210526315793,1.0166666666666666
G420151002000910010,2025-08-11 03:00:00,2025-08-11 03:00:00,31,,2025-08-11 03:00:00,0.0,-1.0,0.0
G420151002000910010,2025-08-11 03:05:00,2025-08-11 03:05:00,24,,2025-08-11 03:05:00,10.0,27.424,0.20000000000000004
G420151002000910010,2025-08-11 03:10:00,2025-08-11 03:10:00,28,,2025-08-11 03:10:00,20.0,27.434500000000003,0.4066666666666667
G420151002000910010,2025-08-11 03:15:00,2025-08-11 03:15:00,24,,2025-08-11 03:15:00,21.0,27.482857142857142,0.42333333333333334
G420151002000910010,2025-08-11 03:20:00,2025-08-11 03:20:00,30,,2025-08-11 03:20:00,21.0,26.46952380952381,0.44333333333333336
G420151002000910010,2025-08-11 03:25:00,2025-08-11 03:25:00,29,,2025-08-11 03:25:00,17.0,27.24529411764706,0.3466666666666667
G420151002000910010,2025-08-11 03:30:00,2025-08-11 03:30:00,21,,2025-08-11 03:30:00,21.0,27.130000000000003,0.43
G420151002000910010,2025-08-11 03:35:00,2025-08-11 03:35:00,23,,2025-08-11 03:35:00,13.0,27.20307692307692,0.26666666666666666
G420151002000910010,2025-08-11 03:40:00,2025-08-11 03:40:00,15,,2025-08-11 03:40:00,17.0,27.485882352941175,0.3433333333333333
G420151002000910010,2025-08-11 03:45:00,2025-08-11 03:45:00,27,,2025-08-11 03:45:00,24.0,27.421666666666667,0.48666666666666664
G420151002000910010,2025-08-11 03:50:00,2025-08-11 03:50:00,24,,2025-08-11 03:50:00,14.0,27.5,0.2833333333333333
G420151002000910010,2025-08-11 03:55:00,2025-08-11 03:55:00,24,,2025-08-11 03:55:00,14.0,25.48692307692308,0.37666666666666665
G420151002000920010,2025-08-11 03:00:00,2025-08-11 03:00:00,26,,2025-08-11 03:00:00,9.0,27.59,0.18000000000000002
G420151002000920010,2025-08-11 03:05:00,2025-08-11 03:05:00,36,,2025-08-11 03:05:00,24.0,27.567083333333333,0.48333333333333334
G420151002000920010,2025-08-11 03:10:00,2025-08-11 03:10:00,34,,2025-08-11 03:10:00,20.0,27.5,0.4033333333333333
G420151002000920010,2025-08-11 03:15:00,2025-08-11 03:15:00,26,,2025-08-11 03:15:00,19.0,27.483333333333334,0.37333333333333335
G420151002000920010,2025-08-11 03:20:00,2025-08-11 03:20:00,32,,2025-08-11 03:20:00,22.0,27.526521739130434,0.45333333333333337
G420151002000920010,2025-08-11 03:25:00,2025-08-11 03:25:00,26,,2025-08-11 03:25:00,22.0,27.530000000000005,0.44333333333333336
G420151002000920010,2025-08-11 03:30:00,2025-08-11 03:30:00,29,,2025-08-11 03:30:00,18.0,27.59,0.36333333333333334
G420151002000920010,2025-08-11 03:35:00,2025-08-11 03:35:00,16,,2025-08-11 03:35:00,18.0,27.53,0.36333333333333334
G420151002000920010,2025-08-11 03:40:00,2025-08-11 03:40:00,26,,2025-08-11 03:40:00,18.0,27.52777777777778,0.36333333333333334
G420151002000920010,2025-08-11 03:45:00,2025-08-11 03:45:00,20,,2025-08-11 03:45:00,23.0,27.46739130434782,0.4633333333333334
G420151002000920010,2025-08-11 03:50:00,2025-08-11 03:50:00,24,,2025-08-11 03:50:00,22.0,27.50409090909091,0.44333333333333336
G420151002000920010,2025-08-11 03:55:00,2025-08-11 03:55:00,20,,2025-08-11 03:55:00,15.0,27.58,0.30333333333333334
G420151002001010010,2025-08-11 03:00:00,2025-08-11 03:00:00,22,,2025-08-11 03:00:00,6.0,27.5,0.12
G420151002001010010,2025-08-11 03:05:00,2025-08-11 03:05:00,25,,2025-08-11 03:05:00,16.0,27.528125000000003,0.3233333333333333
G420151002001010010,2025-08-11 03:10:00,2025-08-11 03:10:00,29,,2025-08-11 03:10:00,25.0,27.5508,0.5033333333333333
G420151002001010010,2025-08-11 03:15:00,2025-08-11 03:15:00,28,,2025-08-11 03:15:00,22.0,27.462272727272726,0.44333333333333336
G420151002001010010,2025-08-11 03:20:00,2025-08-11 03:20:00,20,,2025-08-11 03:20:00,21.0,27.55809523809524,0.42333333333333334
G420151002001010010,2025-08-11 03:25:00,2025-08-11 03:25:00,21,,2025-08-11 03:25:00,26.0,27.506153846153843,0.5233333333333333
G420151002001010010,2025-08-11 03:30:00,2025-08-11 03:30:00,25,,2025-08-11 03:30:00,21.0,27.56,0.42333333333333334
G420151002001010010,2025-08-11 03:35:00,2025-08-11 03:35:00,20,,2025-08-11 03:35:00,18.0,27.533333333333335,0.3633333333333333
G420151002001010010,2025-08-11 03:40:00,2025-08-11 03:40:00,12,,2025-08-11 03:40:00,16.0,27.58125,0.3233333333333333
G420151002001010010,2025-08-11 03:45:00,2025-08-11 03:45:00,17,,2025-08-11 03:45:00,19.0,27.53,0.3833333333333333
G420151002001010010,2025-08-11 03:50:00,2025-08-11 03:50:00,18,,2025-08-11 03:50:00,13.0,27.529999999999998,0.26333333333333336
G420151002001010010,2025-08-11 03:55:00,2025-08-11 03:55:00,21,,2025-08-11 03:55:00,24.0,27.52875,0.48333333333333334
G420151002001020010,2025-08-11 03:00:00,2025-08-11 03:00:00,33,,2025-08-11 03:00:00,18.0,27.58,0.36333333333333334
G420151002001020010,2025-08-11 03:05:00,2025-08-11 03:05:00,23,,2025-08-11 03:05:00,17.0,27.51117647058824,0.3433333333333333
G420151002001020010,2025-08-11 03:10:00,2025-08-11 03:10:00,28,,2025-08-11 03:10:00,21.0,27.59,0.42333333333333334
G420151002001020010,2025-08-11 03:15:00,2025-08-11 03:15:00,30,,2025-08-11 03:15:00,29.0,27.537931034482757,0.5833333333333334
G420151002001020010,2025-08-11 03:20:00,2025-08-11 03:20:00,39,,2025-08-11 03:20:00,35.0,27.514285714285716,0.7066666666666667
G420151002001020010,2025-08-11 03:25:00,2025-08-11 03:25:00,25,,2025-08-11 03:25:00,30.0,27.57,0.6033333333333334
G420151002001020010,2025-08-11 03:30:00,2025-08-11 03:30:00,25,,2025-08-11 03:30:00,15.0,27.517333333333333,0.3033333333333333
G420151002001020010,2025-08-11 03:35:00,2025-08-11 03:35:00,20,,2025-08-11 03:35:00,26.0,27.525,0.5233333333333333
G420151002001020010,2025-08-11 03:40:00,2025-08-11 03:40:00,17,,2025-08-11 03:40:00,17.0,27.52,0.3433333333333333
G420151002001020010,2025-08-11 03:45:00,2025-08-11 03:45:00,26,,2025-08-11 03:45:00,25.0,27.503200000000003,0.5033333333333333
G420151002001020010,2025-08-11 03:50:00,2025-08-11 03:50:00,17,,2025-08-11 03:50:00,21.0,27.59,0.42333333333333334
G420151002001020010,2025-08-11 03:55:00,2025-08-11 03:55:00,23,,2025-08-11 03:55:00,22.0,27.481363636363632,0.44333333333333336
