toll_station_id,station_name,square_code,route_code,section_code,longitude,latitude,taz_id,entrance_exit,edge_id,junction_id
24,锦城湖收费站,G42015100100501010,G4202,G4202001,104.04329,30.574796,G42015100100501010,entrance,-3732,-35379
24,锦城湖收费站,G42015100100501020,G4202,G4202001,104.043515,30.56961,G42015100100501020,entrance,-9110,-50013
24,锦城湖收费站,G42015100100502010,G4202,G4202001,104.044021,30.574301,G42015100100502010,entrance,-3732,-35379
24,锦城湖收费站,G42015100100502020,G4202,G4202001,104.042431,30.570167,G42015100100502020,entrance,-5434,-40050
39,成金收费站,G42015100100201010,G4202,G4202001,104.191135,30.739931,G42015100100201010,entrance,-14112,-62325
39,成金收费站,G42015100100202010,G4202,G4202001,104.190826,30.739526,G42015100100202010,entrance,-14112,-62325
40,成龙收费站,G42015100100301010,G4202,G4202001,104.159114,30.580706,G42015100100301010,entrance,-8564,-48464
40,成龙收费站,G42015100100301020,G4202,G4202001,104.168955,30.576569,G42015100100301020,entrance,-15786,-53771
40,成龙收费站,G42015100100302010,G4202,G4202001,104.161786,30.579472,G42015100100302010,entrance,-4058,-36275
40,成龙收费站,G42015100100302020,G4202,G4202001,104.165284,30.577458,G42015100100302020,entrance,-6572,-42445
43,大件收费站,G42015100100101010,G4202,G4202001,104.129143,30.781072,G42015100100101010,entrance,-9982,-52121
43,大件收费站,G42015100100101020,G4202,G4202001,104.125282,30.776181,G42015100100101020,entrance,-1892,-29874
43,大件收费站,G42015100100102010,G4202,G4202001,104.129142,30.780481,G42015100100102010,entrance,-9982,-52121
43,大件收费站,G42015100100102020,G4202,G4202001,104.125033,30.776588,G42015100100102020,entrance,-1890.33,J6
46,成渝收费站,G42015100100801010,G4202,G4202001,104.19801,30.619051,G42015100100801010,entrance,-2532,-31983
46,成渝收费站,G42015100100801020,G4202,G4202001,104.209879,30.617635,G42015100100801020,entrance,-16466,-60067
46,成渝收费站,G42015100100802010,G4202,G4202001,104.195037,30.619927,G42015100100802010,entrance,-4708,-38017
46,成渝收费站,G42015100100802020,G4202,G4202001,104.211594,30.616507,G42015100100802020,entrance,-13292,-60057
47,天府收费站,G42015100100401010,G4202,G4202001,104.069439,30.572349,G42015100100401010,entrance,-2354,-31467
47,天府收费站,G42015100100402010,G4202,G4202001,104.069742,30.571997,G42015100100402010,entrance,-2354,-31467
48,成雅收费站,G42015100100601010,G4202,G4202001,104.044083,30.571583,G42015100100601010,entrance,-2966,-33212
48,成雅收费站,G42015100100601020,G4202,G4202001,104.027625,30.580246,G42015100100601020,entrance,-11520.259,J45
48,成雅收费站,G42015100100602010,G4202,G4202001,104.028411,30.580974,G42015100100602010,entrance,-17056,-46001
48,成雅收费站,G42015100100602020,G4202,G4202001,104.027761,30.577091,G42015100100602020,entrance,-6646,-42820
49,机场收费站,G42015100100701010,G4202,G4202001,104.014789,30.584249,G42015100100701010,entrance,-7232,-34255
49,机场收费站,G42015100100701020,G4202,G4202001,104.016801,30.582009,G42015100100701020,entrance,-7068,-29598
49,机场收费站,G42015100100702010,G4202,G4202001,104.018084,30.5819,G42015100100702010,entrance,-14776,-44542
49,机场收费站,G42015100100702020,G4202,G4202001,104.013696,30.58448,G42015100100702020,entrance,-7232,-34255
275,成仁收费站,G42015100100901010,G4202,G4202001,104.107932,30.565611,G42015100100901010,entrance,-4662,-37841
275,成仁收费站,G42015100100902010,G4202,G4202001,104.107266,30.565979,G42015100100902010,entrance,-10800,-25916
51,双流收费站,G42015100200501010,G4202,G4202002,103.952817,30.612452,G42015100200501010,entrance,-5336,-39770
51,双流收费站,G42015100200501020,G4202,G4202002,103.94553,30.60867,G42015100200501020,entrance,-4924,-38659
51,双流收费站,G42015100200502010,G4202,G4202002,103.953238,30.612186,G42015100200502010,entrance,-5336,-39770
51,双流收费站,G42015100200502020,G4202,G4202002,103.945167,30.609059,G42015100200502020,entrance,-4924,-38659
53,成灌收费站,G42015100200301010,G4202,G4202002,103.944255,30.752226,G42015100200301010,entrance,-1544,-28645
53,成灌收费站,G42015100200301020,G4202,G4202002,103.936803,30.756789,G42015100200301020,entrance,-3840,-35721
53,成灌收费站,G42015100200302010,G4202,G4202002,103.943801,30.751831,G42015100200302010,entrance,-1628,-28995
53,成灌收费站,G42015100200302020,G4202,G4202002,103.938836,30.756646,G42015100200302020,entrance,-14030,-27080
56,永宁收费站,G42015100200601010,G4202,G4202002,103.929168,30.724797,G42015100200601010,entrance,-8486,-48247
56,永宁收费站,G42015100200602010,G4202,G4202002,103.929111,30.724979,G42015100200602010,entrance,-8486,-48247
57,北新收费站,G42015100200201010,G4202,G4202002,104.073987,30.783397,G42015100200201010,entrance,-14704,-63839
57,北新收费站,G42015100200201020,G4202,G4202002,104.07351,30.789885,G42015100200201020,entrance,-12776,-58748
57,北新收费站,G42015100200202010,G4202,G4202002,104.073387,30.783457,G42015100200202010,entrance,-14704,-63839
57,北新收费站,G42015100200202020,G4202,G4202002,104.074064,30.789422,G42015100200202020,entrance,-13520,-58749
58,成新蒲收费站,G42015100200401010,G4202,G4202002,103.944626,30.63937,G42015100200401010,entrance,-1830,-29697
58,成新蒲收费站,G42015100200401020,G4202,G4202002,103.93502,30.637452,G42015100200401020,entrance,-8352,-47757
58,成新蒲收费站,G42015100200402010,G4202,G4202002,103.945067,30.638498,G42015100200402010,entrance,-1830,-29697
58,成新蒲收费站,G42015100200402020,G4202,G4202002,103.935827,30.638286,G42015100200402020,entrance,-13994,-56855
59,货运大道收费站,G42015100200101010,G4202,G4202002,104.109247,30.789843,G42015100200101010,entrance,-2766,-32673
59,货运大道收费站,G42015100200102010,G4202,G4202002,104.109381,30.789618,G42015100200102010,entrance,-2766,-32673
85,光华大道收费站,G42015100200801010,G4202,G4202002,103.936768,30.674023,G42015100200801010,entrance,-9744,-51639
85,光华大道收费站,G42015100200801020,G4202,G4202002,103.928712,30.67412,G42015100200801020,entrance,-14438,-63184
85,光华大道收费站,G42015100200802010,G4202,G4202002,103.93658,30.673408,G42015100200802010,entrance,-9744,-51639
85,光华大道收费站,G42015100200802020,G4202,G4202002,103.928868,30.674834,G42015100200802020,entrance,-14438,-63184
86,蜀源大道收费站,G42015100200701010,G4202,G4202002,103.98618,30.778177,G42015100200701010,entrance,-4086,-36332
86,蜀源大道收费站,G42015100200701020,G4202,G4202002,103.980949,30.786142,G42015100200701020,entrance,-12018,-57012
86,蜀源大道收费站,G42015100200702010,G4202,G4202002,103.98549,30.777868,G42015100200702010,entrance,-4086,-36332
86,蜀源大道收费站,G42015100200702020,G4202,G4202002,103.981747,30.786209,G42015100200702020,entrance,-12018,-57012
437,文宫收费站,G42155100100501020,G4215,G4215001,104.180514,30.16667,,entrance,,
437,文宫收费站,G42155100100502010,G4215,G4215001,104.180271,30.166596,,entrance,,
438,仁寿东收费站,G42155100100601020,G4215,G4215001,104.212879,30.024315,,entrance,,
438,仁寿东收费站,G42155100100602010,G4215,G4215001,104.212756,30.024462,,entrance,,
440,富加收费站,G42155100100701020,G4215,G4215001,104.2657,29.937107,,entrance,,
440,富加收费站,G42155100100702010,G4215,G4215001,104.265557,29.93716,,entrance,,
441,宝飞收费站,G42155100100801020,G4215,G4215001,104.311811,29.843696,,entrance,-7826,-46374
441,宝飞收费站,G42155100100802010,G4215,G4215001,104.311688,29.843802,,entrance,-15682,-65896
442,汪洋收费站,G42155100100901020,G4215,G4215001,104.368784,29.768115,,entrance,-2594,-32198
442,汪洋收费站,G42155100100902010,G4215,G4215001,104.368692,29.768157,,entrance,-2594,-32198
419,连界收费站,G42155100200101010,G4215,G4215002,104.48922,29.708964,,entrance,,
419,连界收费站,G42155100200102010,G4215,G4215002,104.488762,29.708908,,entrance,,
420,新场收费站,G42155100200201010,G4215,G4215002,104.545376,29.613038,,entrance,,
420,新场收费站,G42155100200202010,G4215,G4215002,104.545191,29.612835,,entrance,,
265,剑门关收费站,G00055100200301010,G5,G0005002,105.517702,32.277232,G00055100200301010,entrance,-1944,-30037
265,剑门关收费站,G00055100200302010,G5,G0005002,105.517702,32.277232,G00055100200302010,entrance,-1944,-30037
266,昭化收费站,G00055100200204010,G5,G0005002,105.682346,32.361341,G00055100200204010,entrance,-8524,-48354
266,昭化收费站,G00055100200204020,G5,G0005002,105.682274,32.360655,G00055100200204020,entrance,-10576,-35919
267,广元收费站,G00055100200104010,G5,G0005002,105.755202,32.41697,G00055100200104010,entrance,-6278,-42341
267,广元收费站,G00055100200104020,G5,G0005002,105.755191,32.417038,G00055100200104020,entrance,-6278,-42341
245,绵阳南收费站,G00055100301104010,G5,G0005003,104.598259,31.447436,G00055100301104010,entrance,-6050,-41806
245,绵阳南收费站,G00055100301104020,G5,G0005003,104.597982,31.447314,G00055100301104020,entrance,-6050,-41806
246,绵阳收费站,G00055100301004010,G5,G0005003,104.659108,31.513378,G00055100301004010,entrance,-13370,-60288
246,绵阳收费站,G00055100301004020,G5,G0005003,104.658685,31.513426,G00055100301004020,entrance,-13370,-60288
247,绵阳北收费站,G00055100300904010,G5,G0005003,104.700578,31.563097,G00055100300904010,entrance,-9070,-49902
247,绵阳北收费站,G00055100300904020,G5,G0005003,104.700788,31.56329,G00055100300904020,entrance,-9070,-49902
248,科学城收费站,G00055100300804010,G5,G0005003,104.733638,31.575314,G00055100300804010,entrance,-13042,-59452
248,科学城收费站,G00055100300804020,G5,G0005003,104.733682,31.575412,G00055100300804020,entrance,-13042,-59452
249,江油收费站,G00055100300704010,G5,G0005003,104.807095,31.703199,G00055100300704010,entrance,-3802,-35610
249,江油收费站,G00055100300704020,G5,G0005003,104.807353,31.703326,G00055100300704020,entrance,-3802,-35610
250,贯山收费站,G00055100300604010,G5,G0005003,104.831947,31.738761,G00055100300604010,entrance,-11410,-43502
250,贯山收费站,G00055100300604020,G5,G0005003,104.831953,31.738863,G00055100300604020,entrance,-11410,-43502
251,江油北收费站,G00055100300504010,G5,G0005003,104.871617,31.788729,G00055100300504010,entrance,-7824.188,J187
251,江油北收费站,G00055100300504020,G5,G0005003,104.871613,31.78849,G00055100300504020,entrance,-7824.188,J187
252,小溪坝收费站,G00055100300404010,G5,G0005003,105.0116,31.892773,G00055100300404010,entrance,-15642,-30978
252,小溪坝收费站,G00055100300404020,G5,G0005003,105.011711,31.892791,G00055100300404020,entrance,-10704,-54059
253,厚坝收费站,G00055100300304010,G5,G0005003,105.080119,31.982951,G00055100300304010,entrance,-17286.22,J184
253,厚坝收费站,G00055100300304020,G5,G0005003,105.080495,31.982849,G00055100300304020,entrance,-17286.22,J184
254,二郎庙收费站,G00055100300204010,G5,G0005003,105.196155,32.090717,G00055100300204010,entrance,-11540,-56011
254,二郎庙收费站,G00055100300204020,G5,G0005003,105.19627,32.09093,G00055100300204020,entrance,--11540,-34250
255,金子山收费站,G00055100300104010,G5,G0005003,105.328783,32.185076,G00055100300104010,entrance,-6364,-42616
255,金子山收费站,G00055100300104020,G5,G0005003,105.329089,32.184997,G00055100300104020,entrance,-6364,-42616
221,新都收费站,G00055104401101010,G5,G0005005,104.202245,30.816378,G00055104401101010,entrance,-15818,-66139
221,新都收费站,G00055104401102010,G5,G0005005,104.202317,30.816422,G00055104401102010,entrance,-15818,-66139
222,青白江收费站,G00055104400901010,G5,G0005005,104.24021,30.899397,G00055104400901010,entrance,-4610,-37698
222,青白江收费站,G00055104400902010,G5,G0005005,104.239531,30.900005,G00055104400902010,entrance,-16618,-56259
223,广汉收费站,G00055104400801010,G5,G0005005,104.282763,30.942877,G00055104400801010,entrance,-8004,-46839
223,广汉收费站,G00055104400802010,G5,G0005005,104.282925,30.942952,G00055104400802010,entrance,-8004,-46839
224,德阳南收费站,G00055104400601010,G5,G0005005,104.381465,31.068479,G00055104400601010,entrance,-2498,-31899
224,德阳南收费站,G00055104400602010,G5,G0005005,104.381643,31.06836,G00055104400602010,entrance,-2498,-31899
225,德阳收费站,G00055104400501010,G5,G0005005,104.4177,31.132234,G00055104400501010,entrance,-5746,-40934
225,德阳收费站,G00055104400502010,G5,G0005005,104.417616,31.132361,G00055104400502010,entrance,-5746,-40934
226,德阳北收费站,G00055104400401010,G5,G0005005,104.428975,31.241719,G00055104400401010,entrance,-3122,-33592
226,德阳北收费站,G00055104400402010,G5,G0005005,104.429224,31.241723,G00055104400402010,entrance,-3122,-33592
227,白马关收费站,G00055104400301010,G5,G0005005,104.44274,31.271533,G00055104400301010,entrance,-4848,-38435
227,白马关收费站,G00055104400301020,G5,G0005005,104.447804,31.271296,G00055104400301020,entrance,-6648,-43418
227,白马关收费站,G00055104400302010,G5,G0005005,104.443097,31.271922,G00055104400302010,entrance,-4848,-38435
227,白马关收费站,G00055104400302020,G5,G0005005,104.447938,31.271582,G00055104400302020,entrance,-6648,-43418
228,罗江收费站,G00055104400201010,G5,G0005005,104.498726,31.323004,G00055104400201010,entrance,-4518,-37408
228,罗江收费站,G00055104400201020,G5,G0005005,104.501005,31.321009,G00055104400201020,entrance,-7010,-44436
228,罗江收费站,G00055104400202010,G5,G0005005,104.498405,31.322737,G00055104400202010,entrance,-4518,-37408
228,罗江收费站,G00055104400202020,G5,G0005005,104.500742,31.321191,G00055104400202020,entrance,-7010,-44436
229,金山收费站,G00055104400101010,G5,G0005005,104.547092,31.379512,G00055104400101010,entrance,-12158,-57292
229,金山收费站,G00055104400102010,G5,G0005005,104.547306,31.379423,G00055104400102010,entrance,-12158,-57292
231,什邡收费站,G00055104400701010,G5,G0005005,104.32415,30.990192,G00055104400701010,entrance,-16892,-68489
231,什邡收费站,G00055104400702010,G5,G0005005,104.324566,30.990091,G00055104400702010,entrance,-16892,-68489
232,新都北收费站,G00055104401001010,G5,G0005005,104.210745,30.85805,G00055104401001010,entrance,-14784,-64024
232,新都北收费站,G00055104401001020,G5,G0005005,104.219731,30.856738,G00055104401001020,entrance,-9046,-49803
232,新都北收费站,G00055104401002010,G5,G0005005,104.21114,30.85834,G00055104401002010,entrance,-14784,-64024
232,新都北收费站,G00055104401002020,G5,G0005005,104.21906,30.85645,G00055104401002020,entrance,-3414,-30849
14,西康大桥收费站,G00055100501501010,G5,G0005006,102.975354,30.00277,G00055100501501010,entrance,-15520,-65619
14,西康大桥收费站,G00055100501502010,G5,G0005006,102.975787,30.002796,G00055100501502010,entrance,-15520,-65619
391,雅安八步收费站,G00055100600101010,G5,G0005007,102.937232,29.948612,G00055100600101010,entrance,-2810,-32786
391,雅安八步收费站,G00055100600102010,G5,G0005007,102.937693,29.949342,G00055100600102010,entrance,-16668,-48095
392,荥经收费站,G00055100600201010,G5,G0005007,102.86447,29.786128,G00055100600201010,entrance,-5270,-39606
392,荥经收费站,G00055100600202010,G5,G0005007,102.86501,29.785601,G00055100600202010,entrance,-5270,-39606
394,龙苍沟收费站,G00055100600301010,G5,G0005007,102.836972,29.7044,G00055100600301010,entrance,-1778,-29582
394,龙苍沟收费站,G00055100600302010,G5,G0005007,102.837251,29.705079,G00055100600302010,entrance,-1778,-29582
395,九襄收费站,G00055100600401010,G5,G0005007,102.663242,29.480857,G00055100600401010,entrance,-8664,-48755
395,九襄收费站,G00055100600402010,G5,G0005007,102.663887,29.480229,G00055100600402010,entrance,-12506,-56390
396,汉源北收费站,G00055100600501010,G5,G0005007,102.632936,29.37983,G00055100600501010,entrance,-9580,-51234
396,汉源北收费站,G00055100600502010,G5,G0005007,102.632922,29.380848,G00055100600502010,entrance,-10588,-51236
397,汉源南收费站,G00055100600601010,G5,G0005007,102.606727,29.348205,G00055100600601010,entrance,-1888,-29860
397,汉源南收费站,G00055100600602010,G5,G0005007,102.605904,29.34783,G00055100600602010,entrance,-1888,-29860
398,石棉收费站,G00055100600701010,G5,G0005007,102.382841,29.248532,G00055100600701010,entrance,-17440,-69866
398,石棉收费站,G00055100600702010,G5,G0005007,102.382995,29.248017,G00055100600702010,entrance,-7020,-44461
399,栗子坪收费站,G00055100600801010,G5,G0005007,102.303697,29.008794,G00055100600801010,entrance,-13888,-61786
399,栗子坪收费站,G00055100600802010,G5,G0005007,102.303602,29.009433,G00055100600802010,entrance,-13888,-61786
401,孟获城收费站,G00055100601301010,G5,G0005007,102.30995,28.911967,G00055100601301010,entrance,-2404,-31643
401,孟获城收费站,G00055100601302010,G5,G0005007,102.310443,28.91053,G00055100601302010,entrance,-1906,-29905
402,灵山收费站,G00055100601201010,G5,G0005007,102.230803,28.576233,G00055100601201010,entrance,-2306,-31225
402,灵山收费站,G00055100601202010,G5,G0005007,102.230123,28.576097,G00055100601202010,entrance,-4236,-26838
403,彝海收费站,G00055100600901010,G5,G0005007,102.253372,28.764646,G00055100600901010,entrance,-10144,-52445
403,彝海收费站,G00055100600902010,G5,G0005007,102.253993,28.763426,G00055100600902010,entrance,-4226,-36674
404,冕宁收费站,G00055100601001010,G5,G0005007,102.21591,28.556482,G00055100601001010,entrance,-824,-26303
404,冕宁收费站,G00055100601002010,G5,G0005007,102.216306,28.557362,G00055100601002010,entrance,-4874,-26304
248,马道收费站,G00055100700701010,G5,G0005008,102.206507,27.854415,G00055100700701010,entrance,-4462,-37262
248,马道收费站,G00055100700702010,G5,G0005008,102.206507,27.854415,G00055100700702010,entrance,-4462,-37262
350,泸沽收费站,G00055100700101010,G5,G0005008,102.186474,28.303915,G00055100700101010,entrance,-6340,-42574
350,泸沽收费站,G00055100700102010,G5,G0005008,102.186003,28.303873,G00055100700102010,entrance,-1486,-28452
351,漫水湾收费站,G00055100700201010,G5,G0005008,102.169004,28.219871,G00055100700201010,entrance,-14536,-63348
351,漫水湾收费站,G00055100700202010,G5,G0005008,102.168814,28.219912,G00055100700202010,entrance,-14536,-63348
352,礼州收费站,G00055100700301010,G5,G0005008,102.171088,28.048876,G00055100700301010,entrance,-4726,-38077
352,礼州收费站,G00055100700302010,G5,G0005008,102.171083,28.048757,G00055100700302010,entrance,-4726,-38077
353,西昌北收费站,G00055100700401010,G5,G0005008,102.185998,27.967158,G00055100700401010,entrance,-6200,-42182
353,西昌北收费站,G00055100700402010,G5,G0005008,102.185993,27.966991,G00055100700402010,entrance,-6200,-42182
354,西昌收费站,G00055100700501010,G5,G0005008,102.198113,27.899142,G00055100700501010,entrance,-11298,-55508
354,西昌收费站,G00055100700501020,G5,G0005008,102.206599,27.898674,,entrance,,
354,西昌收费站,G00055100700502010,G5,G0005008,102.197191,27.898397,G00055100700502010,entrance,-2398,-31624
354,西昌收费站,G00055100700502020,G5,G0005008,102.191291,27.895416,,entrance,-2852,-32923
355,西昌南收费站,G00055100700601010,G5,G0005008,102.187075,27.747166,G00055100700601010,entrance,-17024,-68817
355,西昌南收费站,G00055100700602010,G5,G0005008,102.187227,27.747406,G00055100700602010,entrance,-17024,-68817
361,黄水收费站,G00055100800101010,G5,G0005009,102.19505,27.610334,G00055100800101010,entrance,-11260,-55422
361,黄水收费站,G00055100800102010,G5,G0005009,102.194966,27.610417,G00055100800102010,entrance,-11260,-55422
362,德昌收费站,G00055100800201010,G5,G0005009,102.197818,27.407966,G00055100800201010,entrance,-14852.57,J189
362,德昌收费站,G00055100800202010,G5,G0005009,102.19775,27.408093,G00055100800202010,entrance,-14852.57,J189
363,蒲坝收费站,G00055100800301010,G5,G0005009,102.303387,27.249745,G00055100800301010,entrance,-10216,-52657
363,蒲坝收费站,G00055100800302010,G5,G0005009,102.303038,27.250164,G00055100800302010,entrance,-7796,-28264
364,永郎收费站,G00055100800401010,G5,G0005009,102.262698,27.170416,,entrance,-4000000233,7373856650
364,永郎收费站,G00055100800402010,G5,G0005009,102.262993,27.170257,,entrance,-4000000235,7373856658
365,白马收费站,G00055100800501010,G5,G0005009,102.158607,27.008481,,entrance,-4000000168,9621003294
365,白马收费站,G00055100800502010,G5,G0005009,102.158613,27.008377,,entrance,-4000000168,9621003294
366,米易收费站,G00055100800601010,G5,G0005009,102.120494,26.911786,,entrance,-4000000018,2390028477
366,米易收费站,G00055100800602010,G5,G0005009,102.120173,26.911464,,entrance,-4000000019,2390028464
555,护国收费站,G00765100300101010,G76,G0076001,105.340073,28.569324,G00765100300101010,entrance,-2000000363,5744988211
555,护国收费站,G00765100300102010,G76,G0076001,105.340074,28.569228,G00765100300102010,entrance,-2000000363,5744988211
556,江门收费站,G00765100300201010,G76,G0076001,105.3337,28.431446,G00765100300201010,entrance,-2000000365,7594408852
556,江门收费站,G00765100300202010,G76,G0076001,105.33381,28.431542,G00765100300202010,entrance,-2000000365,7594408852
557,黄桷坪收费站,G00765100300301010,G76,G0076001,105.384828,28.340525,G00765100300301010,entrance,-2000000364,5744988539
557,黄桷坪收费站,G00765100300302010,G76,G0076001,105.384769,28.340618,G00765100300302010,entrance,-2000000276,7514747822
558,叙永收费站,G00765100300401010,G76,G0076001,105.455771,28.158795,G00765100300401010,entrance,-3000000092,7514619749
558,叙永收费站,G00765100300402010,G76,G0076001,105.455742,28.158902,G00765100300402010,entrance,-3000000092,7514619749
559,正东收费站,G00765100300501010,G76,G0076001,105.52125,28.092586,G00765100300501010,entrance,-3000000171,5951609752
559,正东收费站,G00765100300502010,G76,G0076001,105.52118,28.092455,G00765100300502010,entrance,-3000000171,5951609752
145,胡市收费站,G00765100200501010,G76,G0076002,105.369779,28.950283,,entrance,-2000000168,2087507417
145,胡市收费站,G00765100200502010,G76,G0076002,105.374058,28.946886,,entrance,-2000000140,3544530314
147,泸州况场收费站,G00765100200701010,G76,G0076002,105.356231,28.894241,,entrance,-2000000356,5729609168
147,泸州况场收费站,G00765100200702010,G76,G0076002,105.356112,28.893818,,entrance,-2000000356,5729609168
148,方山收费站,G00765100200801010,G76,G0076002,105.334359,28.812067,,entrance,-2000000348,5813973907
148,方山收费站,G00765100200802010,G76,G0076002,105.333798,28.812027,,entrance,-2000000235,5813973635
149,纳溪收费站,G00765100200901010,G76,G0076002,105.344259,28.758993,,entrance,-2000000347,1929482521
149,纳溪收费站,G00765100200902010,G76,G0076002,105.344296,28.758877,,entrance,-2000000347,1929482521
408,老龙收费站,S00045100400101010,S4,S0004001,104.408788,30.129854,,entrance,-9846,-51830
408,老龙收费站,S00045100400102010,S4,S0004001,104.408786,30.129719,,entrance,-9846,-51830
409,龙马收费站,S00045100400201010,S4,S0004001,104.381815,30.075699,,entrance,-1518,-28552
409,龙马收费站,S00045100400202010,S4,S0004001,104.381625,30.075758,,entrance,-1518,-28552
446,藕塘收费站,S00045100400301010,S4,S0004001,104.351632,29.891453,,entrance,-6408,-42757
446,藕塘收费站,S00045100400302010,S4,S0004001,104.351575,29.891259,,entrance,-6408,-42757
447,禄加收费站,S00045100400401010,S4,S0004001,104.339294,29.837475,,entrance,-6046,-41791
447,禄加收费站,S00045100400402010,S4,S0004001,104.339178,29.83754,,entrance,-6046,-41791
473,汪洋北收费站,S00045100400501010,S4,S0004001,104.28341,29.748819,,entrance,-3636,-35128
473,汪洋北收费站,S00045100400502010,S4,S0004001,104.283317,29.74892,,entrance,-3636,-35128
478,小河收费站,S00045100400601010,S4,S0004001,104.272745,29.654279,,entrance,-4266,-31466
478,小河收费站,S00045100400602010,S4,S0004001,104.272783,29.654119,,entrance,-4266,-31466
479,双古收费站,S00045100400701010,S4,S0004001,104.284373,29.5461,,entrance,-14856,-64117
479,双古收费站,S00045100400702010,S4,S0004001,104.28452,29.546165,,entrance,-14856,-64117
480,铁厂收费站,S00045100400801010,S4,S0004001,104.322584,29.491116,,entrance,-4594,-37649
480,铁厂收费站,S00045100400802010,S4,S0004001,104.32198,29.490839,,entrance,-8912,-37651
501,河口收费站,S00045100400901010,S4,S0004001,104.354112,29.308914,,entrance,-9246,-50426
501,河口收费站,S00045100400902010,S4,S0004001,104.354002,29.308833,,entrance,-9246,-50426
502,合什收费站,S00045100401001010,S4,S0004001,104.359634,29.216631,,entrance,-13542,-39955
502,合什收费站,S00045100401002010,S4,S0004001,104.359589,29.216707,,entrance,-13542,-39955
511,观音收费站,S00045100401101010,S4,S0004001,104.414869,29.103356,,entrance,-17170,-69104
511,观音收费站,S00045100401102010,S4,S0004001,104.414752,29.103461,,entrance,-17170,-69104
512,樟海收费站,S00045100401201010,S4,S0004001,104.446351,29.0305,,entrance,-4506,-37364
512,樟海收费站,S00045100401202010,S4,S0004001,104.446496,29.030642,,entrance,-4506,-37364
331,老碾收费站,S00815100100101010,S81,S0081001,102.319396,27.143904,S00815100100101010,entrance,,
331,老碾收费站,S00815100100102010,S81,S0081001,102.318949,27.144081,S00815100100102010,entrance,,
332,六华收费站,S00815100100201010,S81,S0081001,102.383917,27.063451,S00815100100201010,entrance,-4000000416,9868917936
332,六华收费站,S00815100100202010,S81,S0081001,102.383477,27.063462,S00815100100202010,entrance,-4000000416,9868917936
333,益门收费站,S00815100100301010,S81,S0081001,102.289872,26.849733,S00815100100301010,entrance,,
333,益门收费站,S00815100100302010,S81,S0081001,102.290129,26.849492,S00815100100302010,entrance,,
334,会理北收费站,S00815100100401010,S81,S0081001,102.246458,26.725425,S00815100100401010,entrance,-4000000321,10554772522
334,会理北收费站,S00815100100402010,S81,S0081001,102.246443,26.725845,S00815100100402010,entrance,-4000000321,10554772522
335,会理东收费站,S00815100100501010,S81,S0081001,102.280001,26.645862,S00815100100501010,entrance,-4000000281,10554772243
335,会理东收费站,S00815100100502010,S81,S0081001,102.280001,26.645862,S00815100100502010,entrance,-4000000281,10554772243
798,天府新区收费站,S42025100200201010,SA2,SA002002,104.069543,30.357975,S42025100200201010,entrance,-1000000054,5504524691
798,天府新区收费站,S42025100200201020,SA2,SA002002,104.070114,30.345521,S42025100200201020,entrance,-1000000053,5504524682
798,天府新区收费站,S42025100200202010,SA2,SA002002,104.070151,30.357602,S42025100200202010,entrance,-1000000054,5504524691
798,天府新区收费站,S42025100200202020,SA2,SA002002,104.069573,30.345653,S42025100200202020,entrance,-1000000053,5504524682
799,天府新区煎茶收费站,S42025100200301010,SA2,SA002002,104.037729,30.369436,S42025100200301010,entrance,-1000000007,5490709353
799,天府新区煎茶收费站,S42025100200302010,SA2,SA002002,104.037395,30.369176,S42025100200302010,entrance,-1000000007,5490709353
800,双流黄龙溪收费站,S42025100200401010,SA2,SA002002,103.964592,30.392805,S42025100200401010,entrance,-1000000047,6302024367
800,双流黄龙溪收费站,S42025100200401020,SA2,SA002002,103.962274,30.381223,S42025100200401020,entrance,-1000000050,5505378060
800,双流黄龙溪收费站,S42025100200402010,SA2,SA002002,103.965118,30.392712,S42025100200402010,entrance,-1000000047,6302024367
800,双流黄龙溪收费站,S42025100200402020,SA2,SA002002,103.961669,30.381257,S42025100200402020,entrance,-1000000050,5505378060
802,新津花源收费站,S42025100200501010,SA2,SA002002,103.852309,30.459741,S42025100200501010,entrance,-3744,-35414
802,新津花源收费站,S42025100200502010,SA2,SA002002,103.852107,30.459671,S42025100200502010,entrance,-3744,-35414
803,新津兴义收费站,S42025100200601010,SA2,SA002002,103.816858,30.503856,S42025100200601010,entrance,-3356,-34214
803,新津兴义收费站,S42025100200602010,SA2,SA002002,103.817001,30.503715,S42025100200602010,entrance,-3356,-34214
804,崇州三江收费站,S42025100200701010,SA2,SA002002,103.785913,30.545373,S42025100200701010,entrance,-10958,-54771
804,崇州三江收费站,S42025100200702010,SA2,SA002002,103.785858,30.545811,S42025100200702010,entrance,-10958,-54771
805,崇州大划收费站,S42025100201501010,SA2,SA002002,103.737806,30.597693,S42025100201501010,entrance,-8272,-47578
805,崇州大划收费站,S42025100201502010,SA2,SA002002,103.737655,30.597875,S42025100201502010,entrance,-8272,-47578
806,崇州收费站,S42025100200801010,SA2,SA002002,103.730588,30.632006,S42025100200801010,entrance,-15888,-66304
806,崇州收费站,S42025100200802010,SA2,SA002002,103.729665,30.630699,S42025100200802010,entrance,-15888,-66304
808,崇州廖家收费站,S42025100200901010,SA2,SA002002,103.702791,30.708824,S42025100200901010,entrance,-16938,-68560
808,崇州廖家收费站,S42025100200902010,SA2,SA002002,103.703184,30.708627,S42025100200902010,entrance,-16938,-68560
809,温江万春收费站,S42025100201001010,SA2,SA002002,103.765608,30.787964,S42025100201001010,entrance,-5756,-40979
809,温江万春收费站,S42025100201002020,SA2,SA002002,103.765903,30.787298,S42025100201002020,entrance,-5756,-40979
810,郫都友爱收费站,S42025100201101010,SA2,SA002002,103.806043,30.809931,S42025100201101010,entrance,-7960,-46750
810,郫都友爱收费站,S42025100201102010,SA2,SA002002,103.806545,30.811039,S42025100201102010,entrance,-13578,-36047
812,郫都收费站,S42025100201201010,SA2,SA002002,103.866221,30.857452,S42025100201201010,entrance,-12814,-58827
812,郫都收费站,S42025100201202010,SA2,SA002002,103.867917,30.856042,S42025100201202010,entrance,-12814,-58827
813,郫都古城收费站,S42025100201301010,SA2,SA002002,103.927905,30.877743,S42025100201301010,entrance,-2076,-30468
813,郫都古城收费站,S42025100201302010,SA2,SA002002,103.927351,30.877681,S42025100201302010,entrance,-2076,-30468
815,新都清流收费站,S42025100201401010,SA2,SA002002,104.031668,30.925037,S42025100201401010,entrance,-8290,-47600
815,新都清流收费站,S42025100201402010,SA2,SA002002,104.032589,30.924748,S42025100201402010,entrance,-11932,-56878
