<?xml version="1.0" encoding="UTF-8"?>

<!-- generated on 2025-08-04 15:25:42 by Eclipse SUMO GUI Version 1.21.0
<sumoConfiguration xmlns:xsi="http://www.w3.org/2001/XMLSchema-instance" xsi:noNamespaceSchemaLocation="http://sumo.dlr.de/xsd/sumoConfiguration.xsd">

    <input>
        <net-file value="../sichuan202503v6.net.xml"/>
        <route-files value="dwd_od_weekly_20250721080000_20250721090000.rou.xml"/>
        <additional-files value="../TAZ_5_validated.add.xml"/>
    </input>

    <output>
        <summary-output value="summary.xml"/>
        <statistic-output value="static.xml"/>
    </output>

    <time>
        <begin value="0"/>
        <end value="3600"/>
    </time>

    <report>
        <duration-log.statistics value="true"/>
    </report>

    <gui_only>
        <quit-on-end value="false"/>
        <start value="true"/>
    </gui_only>

</sumoConfiguration>
-->

<detector xmlns:xsi="http://www.w3.org/2001/XMLSchema-instance" xsi:noNamespaceSchemaLocation="http://sumo.dlr.de/xsd/det_e1_file.xsd">
    <interval begin="0.00" end="212.00" id="G420151001000210010_0" nVehContrib="17" flow="288.68" occupancy="1.50" speed="30.26" harmonicMeanSpeed="29.78" length="5.47" nVehEntered="17"/>
</detector>
