<?xml version="1.0" encoding="UTF-8"?>

<!-- generated on 2025-08-04 15:25:42 by Eclipse SUMO GUI Version 1.21.0
<sumoConfiguration xmlns:xsi="http://www.w3.org/2001/XMLSchema-instance" xsi:noNamespaceSchemaLocation="http://sumo.dlr.de/xsd/sumoConfiguration.xsd">

    <input>
        <net-file value="../sichuan202503v6.net.xml"/>
        <route-files value="dwd_od_weekly_20250721080000_20250721090000.rou.xml"/>
        <additional-files value="../TAZ_5_validated.add.xml"/>
    </input>

    <output>
        <summary-output value="summary.xml"/>
        <statistic-output value="static.xml"/>
    </output>

    <time>
        <begin value="0"/>
        <end value="3600"/>
    </time>

    <report>
        <duration-log.statistics value="true"/>
    </report>

    <gui_only>
        <quit-on-end value="false"/>
        <start value="true"/>
    </gui_only>

</sumoConfiguration>
-->

<statistics xmlns:xsi="http://www.w3.org/2001/XMLSchema-instance" xsi:noNamespaceSchemaLocation="http://sumo.dlr.de/xsd/statistic_file.xsd">
    <performance clockBegin="23695.03" clockEnd="23709.05" clockDuration="14.03" traciDuration="0.02" realTimeFactor="15.11" vehicleUpdatesPerSecond="47725.01" personUpdatesPerSecond="0.00" begin="0.00" end="212.00" duration="212.00"/>
    <vehicles loaded="7196" inserted="5831" running="5332" waiting="1365"/>
    <teleports total="16" jam="0" yield="0" wrongLane="0"/>
    <safety collisions="16" emergencyStops="0" emergencyBraking="195"/>
    <persons loaded="0" running="0" jammed="0"/>
    <personTeleports total="0" abortWait="0" wrongDest="0"/>
    <vehicleTripStatistics count="499" routeLength="2168.42" speed="23.23" duration="88.62" waitingTime="0.03" timeLoss="12.18" departDelay="28.12" departDelayWaiting="-1.00" totalTravelTime="44221.00" totalDepartDelay="14030.79"/>
    <pedestrianStatistics number="0" routeLength="0.00" duration="0.00" timeLoss="0.00"/>
    <rideStatistics number="0"/>
    <transportStatistics number="0"/>
</statistics>
