<?xml version="1.0" encoding="UTF-8"?>

<!-- generated on 2025-08-04 15:25:42 by Eclipse SUMO GUI Version 1.21.0
<sumoConfiguration xmlns:xsi="http://www.w3.org/2001/XMLSchema-instance" xsi:noNamespaceSchemaLocation="http://sumo.dlr.de/xsd/sumoConfiguration.xsd">

    <input>
        <net-file value="../sichuan202503v6.net.xml"/>
        <route-files value="dwd_od_weekly_20250721080000_20250721090000.rou.xml"/>
        <additional-files value="../TAZ_5_validated.add.xml"/>
    </input>

    <output>
        <summary-output value="summary.xml"/>
        <statistic-output value="static.xml"/>
    </output>

    <time>
        <begin value="0"/>
        <end value="3600"/>
    </time>

    <report>
        <duration-log.statistics value="true"/>
    </report>

    <gui_only>
        <quit-on-end value="false"/>
        <start value="true"/>
    </gui_only>

</sumoConfiguration>
-->

<summary xmlns:xsi="http://www.w3.org/2001/XMLSchema-instance" xsi:noNamespaceSchemaLocation="http://sumo.dlr.de/xsd/summary_file.xsd">
    <step time="0.00" loaded="2299" inserted="210" running="210" waiting="2089" ended="0" arrived="0" collisions="0" teleports="0" halting="210" stopped="0" meanWaitingTime="0.00" meanTravelTime="-1.00" meanSpeed="0.00" meanSpeedRelative="0.00" duration="548"/>
    <step time="1.00" loaded="2299" inserted="214" running="214" waiting="2085" ended="0" arrived="0" collisions="0" teleports="0" halting="4" stopped="0" meanWaitingTime="0.02" meanTravelTime="-1.00" meanSpeed="2.27" meanSpeedRelative="0.08" duration="5"/>
    <step time="2.00" loaded="2299" inserted="316" running="316" waiting="1983" ended="0" arrived="0" collisions="0" teleports="0" halting="102" stopped="0" meanWaitingTime="0.66" meanTravelTime="-1.00" meanSpeed="3.11" meanSpeedRelative="0.12" duration="5"/>
    <step time="3.00" loaded="2299" inserted="377" running="377" waiting="1922" ended="0" arrived="0" collisions="0" teleports="0" halting="61" stopped="0" meanWaitingTime="1.04" meanTravelTime="-1.00" meanSpeed="4.05" meanSpeedRelative="0.15" duration="9"/>
    <step time="4.00" loaded="2299" inserted="400" running="400" waiting="1899" ended="0" arrived="0" collisions="0" teleports="0" halting="25" stopped="0" meanWaitingTime="1.21" meanTravelTime="-1.00" meanSpeed="5.79" meanSpeedRelative="0.22" duration="10"/>
    <step time="5.00" loaded="2299" inserted="460" running="460" waiting="1839" ended="0" arrived="0" collisions="0" teleports="0" halting="61" stopped="0" meanWaitingTime="1.70" meanTravelTime="-1.00" meanSpeed="6.87" meanSpeedRelative="0.26" duration="11"/>
    <step time="6.00" loaded="2302" inserted="513" running="513" waiting="1789" ended="0" arrived="0" collisions="0" teleports="0" halting="53" stopped="0" meanWaitingTime="2.15" meanTravelTime="-1.00" meanSpeed="7.93" meanSpeedRelative="0.30" duration="12"/>
    <step time="7.00" loaded="2305" inserted="549" running="549" waiting="1756" ended="0" arrived="0" collisions="0" teleports="0" halting="36" stopped="0" meanWaitingTime="2.46" meanTravelTime="-1.00" meanSpeed="9.23" meanSpeedRelative="0.35" duration="8"/>
    <step time="8.00" loaded="2310" inserted="622" running="622" waiting="1688" ended="0" arrived="0" collisions="0" teleports="0" halting="73" stopped="0" meanWaitingTime="3.11" meanTravelTime="-1.00" meanSpeed="9.77" meanSpeedRelative="0.37" duration="9"/>
    <step time="9.00" loaded="2315" inserted="644" running="644" waiting="1671" ended="0" arrived="0" collisions="0" teleports="0" halting="22" stopped="0" meanWaitingTime="3.32" meanTravelTime="-1.00" meanSpeed="11.10" meanSpeedRelative="0.42" duration="10"/>
    <step time="10.00" loaded="2323" inserted="690" running="690" waiting="1633" ended="0" arrived="0" collisions="0" teleports="0" halting="46" stopped="0" meanWaitingTime="3.76" meanTravelTime="-1.00" meanSpeed="11.87" meanSpeedRelative="0.45" duration="11"/>
    <step time="11.00" loaded="2331" inserted="751" running="750" waiting="1580" ended="1" arrived="1" collisions="0" teleports="0" halting="61" stopped="0" meanWaitingTime="4.35" meanTravelTime="11.00" meanSpeed="12.28" meanSpeedRelative="0.46" duration="13"/>
    <step time="12.00" loaded="2341" inserted="788" running="787" waiting="1553" ended="1" arrived="1" collisions="0" teleports="0" halting="37" stopped="0" meanWaitingTime="4.71" meanTravelTime="11.00" meanSpeed="13.09" meanSpeedRelative="0.49" duration="13"/>
    <step time="13.00" loaded="2344" inserted="827" running="826" waiting="1517" ended="1" arrived="1" collisions="0" teleports="0" halting="39" stopped="0" meanWaitingTime="5.10" meanTravelTime="11.00" meanSpeed="13.73" meanSpeedRelative="0.51" duration="12"/>
    <step time="14.00" loaded="2351" inserted="889" running="888" waiting="1462" ended="1" arrived="1" collisions="0" teleports="0" halting="63" stopped="0" meanWaitingTime="5.72" meanTravelTime="11.00" meanSpeed="13.95" meanSpeedRelative="0.52" duration="13"/>
    <step time="15.00" loaded="2368" inserted="920" running="919" waiting="1448" ended="1" arrived="1" collisions="0" teleports="0" halting="35" stopped="0" meanWaitingTime="6.03" meanTravelTime="11.00" meanSpeed="14.63" meanSpeedRelative="0.55" duration="19"/>
    <step time="16.00" loaded="2371" inserted="960" running="958" waiting="1411" ended="2" arrived="2" collisions="0" teleports="0" halting="41" stopped="0" meanWaitingTime="6.45" meanTravelTime="10.50" meanSpeed="15.09" meanSpeedRelative="0.56" duration="14"/>
    <step time="17.00" loaded="2387" inserted="1012" running="1010" waiting="1375" ended="2" arrived="2" collisions="0" teleports="0" halting="54" stopped="0" meanWaitingTime="6.95" meanTravelTime="10.50" meanSpeed="15.32" meanSpeedRelative="0.57" duration="17"/>
    <step time="18.00" loaded="2398" inserted="1050" running="1048" waiting="1348" ended="2" arrived="2" collisions="0" teleports="0" halting="38" stopped="0" meanWaitingTime="7.35" meanTravelTime="10.50" meanSpeed="15.73" meanSpeedRelative="0.58" duration="19"/>
    <step time="19.00" loaded="2409" inserted="1077" running="1072" waiting="1332" ended="5" arrived="5" collisions="0" teleports="0" halting="28" stopped="0" meanWaitingTime="7.64" meanTravelTime="15.00" meanSpeed="16.22" meanSpeedRelative="0.60" duration="20"/>
    <step time="20.00" loaded="2432" inserted="1136" running="1131" waiting="1296" ended="5" arrived="5" collisions="0" teleports="0" halting="59" stopped="0" meanWaitingTime="8.27" meanTravelTime="15.00" meanSpeed="16.21" meanSpeedRelative="0.60" duration="19"/>
    <step time="21.00" loaded="2437" inserted="1169" running="1164" waiting="1268" ended="5" arrived="5" collisions="0" teleports="0" halting="35" stopped="0" meanWaitingTime="8.61" meanTravelTime="15.00" meanSpeed="16.58" meanSpeedRelative="0.61" duration="18"/>
    <step time="22.00" loaded="2454" inserted="1192" running="1186" waiting="1262" ended="6" arrived="6" collisions="0" teleports="0" halting="23" stopped="0" meanWaitingTime="8.85" meanTravelTime="16.17" meanSpeed="17.06" meanSpeedRelative="0.63" duration="21"/>
    <step time="23.00" loaded="2460" inserted="1237" running="1230" waiting="1223" ended="7" arrived="7" collisions="0" teleports="0" halting="45" stopped="0" meanWaitingTime="9.37" meanTravelTime="17.14" meanSpeed="17.15" meanSpeedRelative="0.63" duration="19"/>
    <step time="24.00" loaded="2488" inserted="1274" running="1266" waiting="1214" ended="8" arrived="8" collisions="0" teleports="0" halting="39" stopped="0" meanWaitingTime="9.76" meanTravelTime="18.00" meanSpeed="17.35" meanSpeedRelative="0.64" duration="29"/>
    <step time="25.00" loaded="2513" inserted="1306" running="1298" waiting="1207" ended="8" arrived="8" collisions="0" teleports="0" halting="34" stopped="0" meanWaitingTime="10.11" meanTravelTime="18.00" meanSpeed="17.62" meanSpeedRelative="0.65" duration="28"/>
    <step time="26.00" loaded="2515" inserted="1338" running="1330" waiting="1177" ended="8" arrived="8" collisions="0" teleports="0" halting="33" stopped="0" meanWaitingTime="10.45" meanTravelTime="18.00" meanSpeed="17.83" meanSpeedRelative="0.65" duration="18"/>
    <step time="27.00" loaded="2520" inserted="1378" running="1369" waiting="1142" ended="9" arrived="9" collisions="0" teleports="0" halting="40" stopped="0" meanWaitingTime="10.92" meanTravelTime="17.11" meanSpeed="17.93" meanSpeedRelative="0.66" duration="19"/>
    <step time="28.00" loaded="2553" inserted="1403" running="1393" waiting="1150" ended="10" arrived="10" collisions="0" teleports="0" halting="26" stopped="0" meanWaitingTime="11.16" meanTravelTime="17.80" meanSpeed="18.22" meanSpeedRelative="0.67" duration="30"/>
    <step time="29.00" loaded="2560" inserted="1441" running="1431" waiting="1119" ended="10" arrived="10" collisions="0" teleports="0" halting="39" stopped="0" meanWaitingTime="11.59" meanTravelTime="17.80" meanSpeed="18.31" meanSpeedRelative="0.67" duration="24"/>
    <step time="30.00" loaded="2612" inserted="1479" running="1469" waiting="1133" ended="10" arrived="10" collisions="0" teleports="0" halting="39" stopped="0" meanWaitingTime="11.90" meanTravelTime="17.80" meanSpeed="18.41" meanSpeedRelative="0.67" duration="30"/>
    <step time="31.00" loaded="2614" inserted="1506" running="1496" waiting="1108" ended="10" arrived="10" collisions="0" teleports="0" halting="27" stopped="0" meanWaitingTime="12.23" meanTravelTime="17.80" meanSpeed="18.63" meanSpeedRelative="0.68" duration="21"/>
    <step time="32.00" loaded="2619" inserted="1537" running="1527" waiting="1082" ended="10" arrived="10" collisions="0" teleports="0" halting="31" stopped="0" meanWaitingTime="12.57" meanTravelTime="17.80" meanSpeed="18.80" meanSpeedRelative="0.68" duration="21"/>
    <step time="33.00" loaded="2627" inserted="1567" running="1557" waiting="1060" ended="10" arrived="10" collisions="0" teleports="0" halting="31" stopped="0" meanWaitingTime="12.95" meanTravelTime="17.80" meanSpeed="18.96" meanSpeedRelative="0.68" duration="28"/>
    <step time="34.00" loaded="2662" inserted="1591" running="1581" waiting="1071" ended="10" arrived="10" collisions="0" teleports="0" halting="26" stopped="0" meanWaitingTime="13.19" meanTravelTime="17.80" meanSpeed="19.21" meanSpeedRelative="0.69" duration="26"/>
    <step time="35.00" loaded="2666" inserted="1623" running="1612" waiting="1043" ended="11" arrived="11" collisions="0" teleports="0" halting="33" stopped="0" meanWaitingTime="13.60" meanTravelTime="18.36" meanSpeed="19.32" meanSpeedRelative="0.69" duration="25"/>
    <step time="36.00" loaded="2681" inserted="1649" running="1637" waiting="1032" ended="12" arrived="12" collisions="0" teleports="0" halting="26" stopped="0" meanWaitingTime="13.92" meanTravelTime="18.92" meanSpeed="19.50" meanSpeedRelative="0.70" duration="30"/>
    <step time="37.00" loaded="2684" inserted="1670" running="1658" waiting="1014" ended="12" arrived="12" collisions="0" teleports="0" halting="23" stopped="0" meanWaitingTime="14.19" meanTravelTime="18.92" meanSpeed="19.72" meanSpeedRelative="0.70" duration="25"/>
    <step time="38.00" loaded="2749" inserted="1707" running="1694" waiting="1042" ended="13" arrived="13" collisions="0" teleports="0" halting="39" stopped="0" meanWaitingTime="14.44" meanTravelTime="20.38" meanSpeed="19.72" meanSpeedRelative="0.70" duration="38"/>
    <step time="39.00" loaded="2751" inserted="1732" running="1718" waiting="1019" ended="14" arrived="14" collisions="0" teleports="0" halting="27" stopped="0" meanWaitingTime="14.74" meanTravelTime="21.71" meanSpeed="19.88" meanSpeedRelative="0.70" duration="45"/>
    <step time="40.00" loaded="2777" inserted="1757" running="1743" waiting="1020" ended="14" arrived="14" collisions="0" teleports="0" halting="27" stopped="0" meanWaitingTime="14.97" meanTravelTime="21.71" meanSpeed="20.02" meanSpeedRelative="0.71" duration="38"/>
    <step time="41.00" loaded="2784" inserted="1791" running="1777" waiting="993" ended="14" arrived="14" collisions="0" teleports="0" halting="35" stopped="0" meanWaitingTime="15.37" meanTravelTime="21.71" meanSpeed="20.04" meanSpeedRelative="0.70" duration="27"/>
    <step time="42.00" loaded="2788" inserted="1820" running="1805" waiting="968" ended="15" arrived="15" collisions="0" teleports="0" halting="30" stopped="0" meanWaitingTime="15.69" meanTravelTime="21.00" meanSpeed="20.14" meanSpeedRelative="0.71" duration="26"/>
    <step time="43.00" loaded="2872" inserted="1859" running="1843" waiting="1013" ended="16" arrived="16" collisions="0" teleports="0" halting="42" stopped="0" meanWaitingTime="15.86" meanTravelTime="20.25" meanSpeed="20.09" meanSpeedRelative="0.70" duration="46"/>
    <step time="44.00" loaded="2874" inserted="1888" running="1872" waiting="986" ended="16" arrived="16" collisions="0" teleports="0" halting="30" stopped="0" meanWaitingTime="16.18" meanTravelTime="20.25" meanSpeed="20.18" meanSpeedRelative="0.70" duration="31"/>
    <step time="45.00" loaded="2890" inserted="1915" running="1898" waiting="975" ended="17" arrived="17" collisions="0" teleports="0" halting="29" stopped="0" meanWaitingTime="16.44" meanTravelTime="20.65" meanSpeed="20.26" meanSpeedRelative="0.70" duration="34"/>
    <step time="46.00" loaded="2894" inserted="1938" running="1917" waiting="956" ended="21" arrived="21" collisions="0" teleports="0" halting="24" stopped="0" meanWaitingTime="16.70" meanTravelTime="24.14" meanSpeed="20.37" meanSpeedRelative="0.70" duration="30"/>
    <step time="47.00" loaded="2919" inserted="1966" running="1942" waiting="953" ended="24" arrived="24" collisions="0" teleports="0" halting="31" stopped="0" meanWaitingTime="16.93" meanTravelTime="24.67" meanSpeed="20.43" meanSpeedRelative="0.70" duration="34"/>
    <step time="48.00" loaded="2925" inserted="1987" running="1963" waiting="938" ended="24" arrived="24" collisions="0" teleports="0" halting="27" stopped="0" meanWaitingTime="17.18" meanTravelTime="24.67" meanSpeed="20.59" meanSpeedRelative="0.71" duration="31"/>
    <step time="49.00" loaded="2929" inserted="2017" running="1991" waiting="912" ended="26" arrived="26" collisions="0" teleports="0" halting="35" stopped="0" meanWaitingTime="17.55" meanTravelTime="24.50" meanSpeed="20.65" meanSpeedRelative="0.71" duration="30"/>
    <step time="50.00" loaded="3036" inserted="2055" running="2028" waiting="981" ended="27" arrived="27" collisions="0" teleports="0" halting="42" stopped="0" meanWaitingTime="17.66" meanTravelTime="25.44" meanSpeed="20.64" meanSpeedRelative="0.70" duration="51"/>
    <step time="51.00" loaded="3050" inserted="2074" running="2046" waiting="976" ended="28" arrived="28" collisions="0" teleports="0" halting="24" stopped="0" meanWaitingTime="17.86" meanTravelTime="25.39" meanSpeed="20.84" meanSpeedRelative="0.71" duration="45"/>
    <step time="52.00" loaded="3056" inserted="2102" running="2074" waiting="954" ended="28" arrived="28" collisions="1" teleports="1" halting="33" stopped="0" meanWaitingTime="18.14" meanTravelTime="25.39" meanSpeed="20.94" meanSpeedRelative="0.71" duration="55"/>
    <step time="53.00" loaded="3072" inserted="2124" running="2093" waiting="948" ended="31" arrived="31" collisions="1" teleports="1" halting="27" stopped="0" meanWaitingTime="18.42" meanTravelTime="25.74" meanSpeed="21.09" meanSpeedRelative="0.71" duration="59"/>
    <step time="54.00" loaded="3077" inserted="2145" running="2113" waiting="932" ended="32" arrived="32" collisions="1" teleports="1" halting="25" stopped="0" meanWaitingTime="18.69" meanTravelTime="26.22" meanSpeed="21.26" meanSpeedRelative="0.71" duration="41"/>
    <step time="55.00" loaded="3108" inserted="2173" running="2139" waiting="935" ended="34" arrived="34" collisions="1" teleports="1" halting="32" stopped="0" meanWaitingTime="19.00" meanTravelTime="27.03" meanSpeed="21.34" meanSpeedRelative="0.71" duration="46"/>
    <step time="56.00" loaded="3113" inserted="2193" running="2157" waiting="920" ended="36" arrived="36" collisions="1" teleports="1" halting="24" stopped="0" meanWaitingTime="19.22" meanTravelTime="27.25" meanSpeed="21.51" meanSpeedRelative="0.72" duration="36"/>
    <step time="57.00" loaded="3125" inserted="2215" running="2178" waiting="910" ended="37" arrived="37" collisions="1" teleports="1" halting="26" stopped="0" meanWaitingTime="19.45" meanTravelTime="27.16" meanSpeed="21.65" meanSpeedRelative="0.72" duration="37"/>
    <step time="58.00" loaded="3131" inserted="2237" running="2199" waiting="894" ended="38" arrived="38" collisions="1" teleports="1" halting="25" stopped="0" meanWaitingTime="19.78" meanTravelTime="27.97" meanSpeed="21.79" meanSpeedRelative="0.72" duration="39"/>
    <step time="59.00" loaded="3133" inserted="2256" running="2218" waiting="877" ended="38" arrived="38" collisions="1" teleports="1" halting="21" stopped="0" meanWaitingTime="20.02" meanTravelTime="27.97" meanSpeed="21.97" meanSpeedRelative="0.72" duration="42"/>
    <step time="60.00" loaded="3304" inserted="2297" running="2258" waiting="1007" ended="39" arrived="39" collisions="1" teleports="1" halting="43" stopped="0" meanWaitingTime="19.94" meanTravelTime="28.79" meanSpeed="21.93" meanSpeedRelative="0.72" duration="114"/>
    <step time="61.00" loaded="3304" inserted="2323" running="2283" waiting="981" ended="40" arrived="40" collisions="1" teleports="1" halting="27" stopped="0" meanWaitingTime="20.28" meanTravelTime="29.30" meanSpeed="22.04" meanSpeedRelative="0.72" duration="41"/>
    <step time="62.00" loaded="3308" inserted="2347" running="2306" waiting="961" ended="41" arrived="41" collisions="1" teleports="1" halting="24" stopped="0" meanWaitingTime="20.48" meanTravelTime="28.80" meanSpeed="22.18" meanSpeedRelative="0.72" duration="39"/>
    <step time="63.00" loaded="3315" inserted="2362" running="2321" waiting="953" ended="41" arrived="41" collisions="1" teleports="1" halting="16" stopped="0" meanWaitingTime="20.57" meanTravelTime="28.80" meanSpeed="22.40" meanSpeedRelative="0.73" duration="39"/>
    <step time="64.00" loaded="3319" inserted="2384" running="2343" waiting="935" ended="41" arrived="41" collisions="1" teleports="1" halting="22" stopped="0" meanWaitingTime="20.84" meanTravelTime="28.80" meanSpeed="22.55" meanSpeedRelative="0.73" duration="49"/>
    <step time="65.00" loaded="3338" inserted="2416" running="2375" waiting="922" ended="41" arrived="41" collisions="1" teleports="1" halting="34" stopped="0" meanWaitingTime="21.13" meanTravelTime="28.80" meanSpeed="22.59" meanSpeedRelative="0.73" duration="44"/>
    <step time="66.00" loaded="3345" inserted="2425" running="2383" waiting="920" ended="42" arrived="42" collisions="1" teleports="1" halting="11" stopped="0" meanWaitingTime="21.20" meanTravelTime="29.69" meanSpeed="22.86" meanSpeedRelative="0.73" duration="44"/>
    <step time="67.00" loaded="3381" inserted="2456" running="2411" waiting="925" ended="45" arrived="45" collisions="1" teleports="1" halting="33" stopped="0" meanWaitingTime="21.47" meanTravelTime="31.82" meanSpeed="22.91" meanSpeedRelative="0.73" duration="46"/>
    <step time="68.00" loaded="3384" inserted="2480" running="2432" waiting="904" ended="48" arrived="48" collisions="1" teleports="1" halting="24" stopped="0" meanWaitingTime="21.76" meanTravelTime="32.73" meanSpeed="23.01" meanSpeedRelative="0.73" duration="42"/>
    <step time="69.00" loaded="3388" inserted="2492" running="2443" waiting="896" ended="49" arrived="49" collisions="1" teleports="1" halting="13" stopped="0" meanWaitingTime="21.88" meanTravelTime="33.41" meanSpeed="23.21" meanSpeedRelative="0.74" duration="40"/>
    <step time="70.00" loaded="3416" inserted="2512" running="2463" waiting="904" ended="49" arrived="49" collisions="1" teleports="1" halting="23" stopped="0" meanWaitingTime="22.02" meanTravelTime="33.41" meanSpeed="23.35" meanSpeedRelative="0.74" duration="43"/>
    <step time="71.00" loaded="3425" inserted="2540" running="2490" waiting="885" ended="50" arrived="50" collisions="1" teleports="1" halting="30" stopped="0" meanWaitingTime="22.31" meanTravelTime="33.78" meanSpeed="23.39" meanSpeedRelative="0.74" duration="45"/>
    <step time="72.00" loaded="3436" inserted="2550" running="2500" waiting="886" ended="50" arrived="50" collisions="1" teleports="1" halting="16" stopped="0" meanWaitingTime="22.45" meanTravelTime="33.78" meanSpeed="23.59" meanSpeedRelative="0.74" duration="44"/>
    <step time="73.00" loaded="3445" inserted="2568" running="2518" waiting="877" ended="50" arrived="50" collisions="1" teleports="1" halting="22" stopped="0" meanWaitingTime="22.62" meanTravelTime="33.78" meanSpeed="23.73" meanSpeedRelative="0.74" duration="44"/>
    <step time="74.00" loaded="3446" inserted="2593" running="2542" waiting="853" ended="51" arrived="51" collisions="1" teleports="1" halting="30" stopped="0" meanWaitingTime="22.87" meanTravelTime="34.25" meanSpeed="23.78" meanSpeedRelative="0.74" duration="45"/>
    <step time="75.00" loaded="3676" inserted="2660" running="2608" waiting="1016" ended="52" arrived="52" collisions="1" teleports="1" halting="73" stopped="0" meanWaitingTime="22.61" meanTravelTime="34.88" meanSpeed="23.45" meanSpeedRelative="0.73" duration="89"/>
    <step time="76.00" loaded="3676" inserted="2677" running="2624" waiting="999" ended="53" arrived="53" collisions="1" teleports="1" halting="22" stopped="0" meanWaitingTime="22.77" meanTravelTime="35.57" meanSpeed="23.62" meanSpeedRelative="0.74" duration="48"/>
    <step time="77.00" loaded="3679" inserted="2718" running="2664" waiting="961" ended="54" arrived="54" collisions="1" teleports="1" halting="47" stopped="0" meanWaitingTime="22.83" meanTravelTime="35.07" meanSpeed="23.57" meanSpeedRelative="0.73" duration="44"/>
    <step time="78.00" loaded="3683" inserted="2736" running="2679" waiting="947" ended="57" arrived="57" collisions="1" teleports="1" halting="25" stopped="0" meanWaitingTime="22.99" meanTravelTime="36.30" meanSpeed="23.72" meanSpeedRelative="0.74" duration="48"/>
    <step time="79.00" loaded="3688" inserted="2753" running="2695" waiting="935" ended="58" arrived="58" collisions="1" teleports="1" halting="26" stopped="0" meanWaitingTime="23.14" meanTravelTime="36.00" meanSpeed="23.89" meanSpeedRelative="0.74" duration="46"/>
    <step time="80.00" loaded="3711" inserted="2784" running="2726" waiting="927" ended="58" arrived="58" collisions="1" teleports="1" halting="39" stopped="0" meanWaitingTime="23.24" meanTravelTime="36.00" meanSpeed="23.93" meanSpeedRelative="0.74" duration="65"/>
    <step time="81.00" loaded="3714" inserted="2804" running="2744" waiting="910" ended="60" arrived="60" collisions="1" teleports="1" halting="28" stopped="0" meanWaitingTime="23.44" meanTravelTime="36.72" meanSpeed="24.07" meanSpeedRelative="0.74" duration="77"/>
    <step time="82.00" loaded="3750" inserted="2824" running="2762" waiting="926" ended="62" arrived="62" collisions="1" teleports="1" halting="26" stopped="0" meanWaitingTime="23.55" meanTravelTime="37.52" meanSpeed="24.21" meanSpeedRelative="0.75" duration="61"/>
    <step time="83.00" loaded="3756" inserted="2850" running="2786" waiting="906" ended="64" arrived="64" collisions="2" teleports="2" halting="34" stopped="0" meanWaitingTime="23.71" meanTravelTime="38.20" meanSpeed="24.29" meanSpeedRelative="0.75" duration="52"/>
    <step time="84.00" loaded="3775" inserted="2868" running="2802" waiting="907" ended="66" arrived="66" collisions="2" teleports="2" halting="26" stopped="0" meanWaitingTime="23.89" meanTravelTime="39.47" meanSpeed="24.42" meanSpeedRelative="0.75" duration="51"/>
    <step time="85.00" loaded="3779" inserted="2881" running="2814" waiting="898" ended="67" arrived="67" collisions="2" teleports="2" halting="20" stopped="0" meanWaitingTime="23.99" meanTravelTime="39.66" meanSpeed="24.58" meanSpeedRelative="0.75" duration="46"/>
    <step time="86.00" loaded="3863" inserted="2928" running="2860" waiting="935" ended="68" arrived="68" collisions="2" teleports="2" halting="55" stopped="0" meanWaitingTime="23.94" meanTravelTime="40.01" meanSpeed="24.45" meanSpeedRelative="0.75" duration="59"/>
    <step time="87.00" loaded="3865" inserted="2943" running="2874" waiting="922" ended="69" arrived="69" collisions="2" teleports="2" halting="23" stopped="0" meanWaitingTime="24.06" meanTravelTime="39.67" meanSpeed="24.61" meanSpeedRelative="0.75" duration="48"/>
    <step time="88.00" loaded="3869" inserted="2970" running="2900" waiting="899" ended="70" arrived="70" collisions="2" teleports="2" halting="35" stopped="0" meanWaitingTime="24.20" meanTravelTime="40.31" meanSpeed="24.64" meanSpeedRelative="0.75" duration="48"/>
    <step time="89.00" loaded="3881" inserted="2988" running="2918" waiting="893" ended="70" arrived="70" collisions="2" teleports="2" halting="26" stopped="0" meanWaitingTime="24.31" meanTravelTime="40.31" meanSpeed="24.76" meanSpeedRelative="0.75" duration="49"/>
    <step time="90.00" loaded="3935" inserted="3019" running="2948" waiting="916" ended="71" arrived="71" collisions="2" teleports="2" halting="40" stopped="0" meanWaitingTime="24.36" meanTravelTime="39.93" meanSpeed="24.76" meanSpeedRelative="0.75" duration="60"/>
    <step time="91.00" loaded="3938" inserted="3035" running="2963" waiting="903" ended="72" arrived="72" collisions="2" teleports="2" halting="26" stopped="0" meanWaitingTime="24.50" meanTravelTime="40.49" meanSpeed="24.88" meanSpeedRelative="0.75" duration="60"/>
    <step time="92.00" loaded="3943" inserted="3051" running="2976" waiting="892" ended="75" arrived="75" collisions="2" teleports="2" halting="25" stopped="0" meanWaitingTime="24.64" meanTravelTime="41.84" meanSpeed="24.99" meanSpeedRelative="0.76" duration="49"/>
    <step time="93.00" loaded="3966" inserted="3069" running="2992" waiting="897" ended="77" arrived="77" collisions="2" teleports="2" halting="27" stopped="0" meanWaitingTime="24.76" meanTravelTime="41.70" meanSpeed="25.10" meanSpeedRelative="0.76" duration="55"/>
    <step time="94.00" loaded="3978" inserted="3089" running="3009" waiting="889" ended="80" arrived="80" collisions="2" teleports="2" halting="29" stopped="0" meanWaitingTime="24.86" meanTravelTime="42.96" meanSpeed="25.18" meanSpeedRelative="0.76" duration="52"/>
    <step time="95.00" loaded="3981" inserted="3110" running="3028" waiting="871" ended="82" arrived="82" collisions="2" teleports="2" halting="30" stopped="0" meanWaitingTime="25.08" meanTravelTime="43.59" meanSpeed="25.26" meanSpeedRelative="0.76" duration="51"/>
    <step time="96.00" loaded="3989" inserted="3125" running="3042" waiting="864" ended="83" arrived="83" collisions="2" teleports="2" halting="25" stopped="0" meanWaitingTime="25.19" meanTravelTime="44.02" meanSpeed="25.38" meanSpeedRelative="0.76" duration="52"/>
    <step time="97.00" loaded="3994" inserted="3138" running="3055" waiting="856" ended="83" arrived="83" collisions="2" teleports="2" halting="23" stopped="0" meanWaitingTime="25.29" meanTravelTime="44.02" meanSpeed="25.50" meanSpeedRelative="0.77" duration="54"/>
    <step time="98.00" loaded="4003" inserted="3156" running="3072" waiting="847" ended="84" arrived="84" collisions="2" teleports="2" halting="28" stopped="0" meanWaitingTime="25.49" meanTravelTime="44.20" meanSpeed="25.56" meanSpeedRelative="0.77" duration="52"/>
    <step time="99.00" loaded="4004" inserted="3170" running="3084" waiting="834" ended="86" arrived="86" collisions="2" teleports="2" halting="23" stopped="0" meanWaitingTime="25.63" meanTravelTime="45.45" meanSpeed="25.64" meanSpeedRelative="0.77" duration="52"/>
    <step time="100.00" loaded="4377" inserted="3251" running="3164" waiting="1126" ended="87" arrived="87" collisions="2" teleports="2" halting="91" stopped="0" meanWaitingTime="25.19" meanTravelTime="46.05" meanSpeed="25.18" meanSpeedRelative="0.75" duration="114"/>
    <step time="101.00" loaded="4396" inserted="3274" running="3185" waiting="1122" ended="89" arrived="89" collisions="2" teleports="2" halting="32" stopped="0" meanWaitingTime="25.31" meanTravelTime="47.00" meanSpeed="25.25" meanSpeedRelative="0.75" duration="55"/>
    <step time="102.00" loaded="4397" inserted="3314" running="3224" waiting="1083" ended="90" arrived="90" collisions="2" teleports="2" halting="51" stopped="0" meanWaitingTime="25.26" meanTravelTime="47.58" meanSpeed="25.17" meanSpeedRelative="0.75" duration="59"/>
    <step time="103.00" loaded="4399" inserted="3332" running="3241" waiting="1067" ended="91" arrived="91" collisions="2" teleports="2" halting="29" stopped="0" meanWaitingTime="25.28" meanTravelTime="48.13" meanSpeed="25.27" meanSpeedRelative="0.75" duration="65"/>
    <step time="104.00" loaded="4406" inserted="3360" running="3269" waiting="1046" ended="91" arrived="91" collisions="2" teleports="2" halting="37" stopped="0" meanWaitingTime="25.40" meanTravelTime="48.13" meanSpeed="25.31" meanSpeedRelative="0.76" duration="72"/>
    <step time="105.00" loaded="4423" inserted="3395" running="3301" waiting="1028" ended="94" arrived="94" collisions="2" teleports="2" halting="45" stopped="0" meanWaitingTime="25.39" meanTravelTime="48.31" meanSpeed="25.30" meanSpeedRelative="0.76" duration="59"/>
    <step time="106.00" loaded="4436" inserted="3416" running="3321" waiting="1020" ended="95" arrived="95" collisions="2" teleports="2" halting="33" stopped="0" meanWaitingTime="25.52" meanTravelTime="48.83" meanSpeed="25.39" meanSpeedRelative="0.76" duration="59"/>
    <step time="107.00" loaded="4438" inserted="3436" running="3336" waiting="1002" ended="100" arrived="100" collisions="2" teleports="2" halting="32" stopped="0" meanWaitingTime="25.60" meanTravelTime="49.71" meanSpeed="25.47" meanSpeedRelative="0.76" duration="57"/>
    <step time="108.00" loaded="4460" inserted="3460" running="3358" waiting="1000" ended="102" arrived="102" collisions="2" teleports="2" halting="36" stopped="0" meanWaitingTime="25.57" meanTravelTime="50.57" meanSpeed="25.52" meanSpeedRelative="0.76" duration="61"/>
    <step time="109.00" loaded="4460" inserted="3484" running="3379" waiting="976" ended="105" arrived="105" collisions="2" teleports="2" halting="36" stopped="0" meanWaitingTime="25.72" meanTravelTime="50.32" meanSpeed="25.58" meanSpeedRelative="0.76" duration="57"/>
    <step time="110.00" loaded="4497" inserted="3509" running="3399" waiting="988" ended="110" arrived="110" collisions="2" teleports="2" halting="39" stopped="0" meanWaitingTime="25.76" meanTravelTime="52.16" meanSpeed="25.63" meanSpeedRelative="0.76" duration="67"/>
    <step time="111.00" loaded="4499" inserted="3526" running="3414" waiting="973" ended="112" arrived="112" collisions="3" teleports="3" halting="29" stopped="0" meanWaitingTime="25.82" meanTravelTime="52.94" meanSpeed="25.74" meanSpeedRelative="0.77" duration="59"/>
    <step time="112.00" loaded="4505" inserted="3547" running="3435" waiting="958" ended="112" arrived="112" collisions="3" teleports="3" halting="33" stopped="0" meanWaitingTime="25.93" meanTravelTime="52.94" meanSpeed="25.80" meanSpeedRelative="0.77" duration="83"/>
    <step time="113.00" loaded="4570" inserted="3582" running="3468" waiting="988" ended="114" arrived="114" collisions="3" teleports="3" halting="48" stopped="0" meanWaitingTime="25.94" meanTravelTime="52.81" meanSpeed="25.75" meanSpeedRelative="0.77" duration="68"/>
    <step time="114.00" loaded="4576" inserted="3597" running="3475" waiting="979" ended="122" arrived="122" collisions="3" teleports="3" halting="28" stopped="0" meanWaitingTime="25.98" meanTravelTime="54.79" meanSpeed="25.86" meanSpeedRelative="0.77" duration="85"/>
    <step time="115.00" loaded="4581" inserted="3618" running="3496" waiting="963" ended="122" arrived="122" collisions="3" teleports="3" halting="35" stopped="0" meanWaitingTime="26.10" meanTravelTime="54.79" meanSpeed="25.91" meanSpeedRelative="0.77" duration="82"/>
    <step time="116.00" loaded="4604" inserted="3636" running="3513" waiting="968" ended="123" arrived="123" collisions="3" teleports="3" halting="31" stopped="0" meanWaitingTime="26.20" meanTravelTime="54.42" meanSpeed="25.98" meanSpeedRelative="0.77" duration="61"/>
    <step time="117.00" loaded="4618" inserted="3648" running="3523" waiting="970" ended="125" arrived="125" collisions="3" teleports="3" halting="26" stopped="0" meanWaitingTime="26.24" meanTravelTime="54.25" meanSpeed="26.11" meanSpeedRelative="0.77" duration="64"/>
    <step time="118.00" loaded="4627" inserted="3668" running="3540" waiting="959" ended="128" arrived="128" collisions="3" teleports="3" halting="32" stopped="0" meanWaitingTime="26.35" meanTravelTime="55.39" meanSpeed="26.17" meanSpeedRelative="0.77" duration="66"/>
    <step time="119.00" loaded="4631" inserted="3681" running="3549" waiting="950" ended="132" arrived="132" collisions="3" teleports="3" halting="24" stopped="0" meanWaitingTime="26.44" meanTravelTime="56.43" meanSpeed="26.29" meanSpeedRelative="0.78" duration="76"/>
    <step time="120.00" loaded="4802" inserted="3729" running="3593" waiting="1073" ended="136" arrived="136" collisions="3" teleports="3" halting="63" stopped="0" meanWaitingTime="26.26" meanTravelTime="57.27" meanSpeed="26.12" meanSpeedRelative="0.77" duration="163"/>
    <step time="121.00" loaded="4802" inserted="3752" running="3616" waiting="1050" ended="136" arrived="136" collisions="3" teleports="3" halting="37" stopped="0" meanWaitingTime="26.38" meanTravelTime="57.27" meanSpeed="26.15" meanSpeedRelative="0.77" duration="75"/>
    <step time="122.00" loaded="4808" inserted="3775" running="3635" waiting="1033" ended="140" arrived="140" collisions="4" teleports="4" halting="35" stopped="0" meanWaitingTime="26.46" meanTravelTime="57.32" meanSpeed="26.20" meanSpeedRelative="0.77" duration="82"/>
    <step time="123.00" loaded="4814" inserted="3792" running="3649" waiting="1022" ended="143" arrived="143" collisions="4" teleports="4" halting="31" stopped="0" meanWaitingTime="26.49" meanTravelTime="57.50" meanSpeed="26.26" meanSpeedRelative="0.77" duration="113"/>
    <step time="124.00" loaded="4825" inserted="3814" running="3669" waiting="1011" ended="145" arrived="145" collisions="4" teleports="4" halting="38" stopped="0" meanWaitingTime="26.60" meanTravelTime="58.21" meanSpeed="26.29" meanSpeedRelative="0.77" duration="88"/>
    <step time="125.00" loaded="4851" inserted="3835" running="3688" waiting="1016" ended="147" arrived="147" collisions="5" teleports="5" halting="36" stopped="0" meanWaitingTime="26.67" meanTravelTime="58.40" meanSpeed="26.33" meanSpeedRelative="0.77" duration="76"/>
    <step time="126.00" loaded="4852" inserted="3847" running="3698" waiting="1005" ended="149" arrived="149" collisions="5" teleports="5" halting="26" stopped="0" meanWaitingTime="26.73" meanTravelTime="59.16" meanSpeed="26.44" meanSpeedRelative="0.78" duration="70"/>
    <step time="127.00" loaded="4855" inserted="3867" running="3713" waiting="988" ended="154" arrived="154" collisions="5" teleports="5" halting="35" stopped="0" meanWaitingTime="26.85" meanTravelTime="59.42" meanSpeed="26.46" meanSpeedRelative="0.78" duration="73"/>
    <step time="128.00" loaded="4862" inserted="3880" running="3723" waiting="982" ended="157" arrived="157" collisions="5" teleports="5" halting="27" stopped="0" meanWaitingTime="26.94" meanTravelTime="59.81" meanSpeed="26.54" meanSpeedRelative="0.78" duration="68"/>
    <step time="129.00" loaded="4946" inserted="3922" running="3762" waiting="1024" ended="160" arrived="160" collisions="6" teleports="6" halting="57" stopped="0" meanWaitingTime="26.82" meanTravelTime="59.74" meanSpeed="26.40" meanSpeedRelative="0.77" duration="94"/>
    <step time="130.00" loaded="4953" inserted="3940" running="3777" waiting="1013" ended="163" arrived="163" collisions="6" teleports="6" halting="34" stopped="0" meanWaitingTime="26.96" meanTravelTime="60.78" meanSpeed="26.45" meanSpeedRelative="0.77" duration="72"/>
    <step time="131.00" loaded="4958" inserted="3962" running="3797" waiting="996" ended="165" arrived="165" collisions="6" teleports="6" halting="39" stopped="0" meanWaitingTime="27.00" meanTravelTime="61.13" meanSpeed="26.47" meanSpeedRelative="0.77" duration="74"/>
    <step time="132.00" loaded="4973" inserted="3975" running="3809" waiting="998" ended="166" arrived="166" collisions="6" teleports="6" halting="32" stopped="0" meanWaitingTime="27.06" meanTravelTime="61.37" meanSpeed="26.52" meanSpeedRelative="0.78" duration="69"/>
    <step time="133.00" loaded="4977" inserted="3991" running="3823" waiting="986" ended="168" arrived="168" collisions="6" teleports="6" halting="38" stopped="0" meanWaitingTime="27.18" meanTravelTime="61.98" meanSpeed="26.56" meanSpeedRelative="0.78" duration="65"/>
    <step time="134.00" loaded="5012" inserted="4017" running="3843" waiting="995" ended="174" arrived="174" collisions="7" teleports="7" halting="47" stopped="0" meanWaitingTime="27.17" meanTravelTime="62.74" meanSpeed="26.53" meanSpeedRelative="0.78" duration="72"/>
    <step time="135.00" loaded="5027" inserted="4035" running="3859" waiting="992" ended="176" arrived="176" collisions="7" teleports="7" halting="40" stopped="0" meanWaitingTime="27.26" meanTravelTime="62.77" meanSpeed="26.55" meanSpeedRelative="0.77" duration="75"/>
    <step time="136.00" loaded="5027" inserted="4053" running="3876" waiting="974" ended="177" arrived="177" collisions="7" teleports="7" halting="37" stopped="0" meanWaitingTime="27.39" meanTravelTime="62.47" meanSpeed="26.58" meanSpeedRelative="0.77" duration="69"/>
    <step time="137.00" loaded="5059" inserted="4073" running="3895" waiting="986" ended="178" arrived="178" collisions="7" teleports="7" halting="41" stopped="0" meanWaitingTime="27.41" meanTravelTime="62.65" meanSpeed="26.59" meanSpeedRelative="0.77" duration="76"/>
    <step time="138.00" loaded="5067" inserted="4091" running="3909" waiting="976" ended="182" arrived="182" collisions="7" teleports="7" halting="41" stopped="0" meanWaitingTime="27.51" meanTravelTime="63.14" meanSpeed="26.61" meanSpeedRelative="0.77" duration="66"/>
    <step time="139.00" loaded="5091" inserted="4111" running="3923" waiting="980" ended="188" arrived="188" collisions="7" teleports="7" halting="43" stopped="0" meanWaitingTime="27.56" meanTravelTime="63.03" meanSpeed="26.63" meanSpeedRelative="0.77" duration="73"/>
    <step time="140.00" loaded="5119" inserted="4128" running="3938" waiting="991" ended="190" arrived="190" collisions="7" teleports="7" halting="40" stopped="0" meanWaitingTime="27.59" meanTravelTime="63.42" meanSpeed="26.66" meanSpeedRelative="0.77" duration="72"/>
    <step time="141.00" loaded="5121" inserted="4144" running="3952" waiting="977" ended="192" arrived="192" collisions="7" teleports="7" halting="38" stopped="0" meanWaitingTime="27.70" meanTravelTime="63.05" meanSpeed="26.72" meanSpeedRelative="0.78" duration="70"/>
    <step time="142.00" loaded="5130" inserted="4162" running="3964" waiting="968" ended="198" arrived="198" collisions="7" teleports="7" halting="38" stopped="0" meanWaitingTime="27.79" meanTravelTime="64.48" meanSpeed="26.75" meanSpeedRelative="0.78" duration="71"/>
    <step time="143.00" loaded="5139" inserted="4172" running="3972" waiting="967" ended="200" arrived="200" collisions="7" teleports="7" halting="33" stopped="0" meanWaitingTime="27.88" meanTravelTime="64.19" meanSpeed="26.84" meanSpeedRelative="0.78" duration="73"/>
    <step time="144.00" loaded="5149" inserted="4189" running="3985" waiting="960" ended="204" arrived="204" collisions="7" teleports="7" halting="41" stopped="0" meanWaitingTime="28.00" meanTravelTime="64.31" meanSpeed="26.86" meanSpeedRelative="0.78" duration="73"/>
    <step time="145.00" loaded="5156" inserted="4208" running="4001" waiting="948" ended="207" arrived="207" collisions="8" teleports="8" halting="45" stopped="0" meanWaitingTime="28.05" meanTravelTime="64.86" meanSpeed="26.87" meanSpeedRelative="0.78" duration="80"/>
    <step time="146.00" loaded="5162" inserted="4219" running="4010" waiting="943" ended="209" arrived="209" collisions="8" teleports="8" halting="37" stopped="0" meanWaitingTime="28.14" meanTravelTime="65.05" meanSpeed="26.93" meanSpeedRelative="0.78" duration="77"/>
    <step time="147.00" loaded="5165" inserted="4233" running="4021" waiting="932" ended="212" arrived="212" collisions="8" teleports="8" halting="38" stopped="0" meanWaitingTime="28.26" meanTravelTime="65.27" meanSpeed="26.96" meanSpeedRelative="0.78" duration="77"/>
    <step time="148.00" loaded="5166" inserted="4246" running="4032" waiting="920" ended="214" arrived="214" collisions="9" teleports="9" halting="38" stopped="0" meanWaitingTime="28.33" meanTravelTime="65.80" meanSpeed="27.00" meanSpeedRelative="0.78" duration="74"/>
    <step time="149.00" loaded="5166" inserted="4255" running="4038" waiting="911" ended="217" arrived="217" collisions="9" teleports="9" halting="38" stopped="0" meanWaitingTime="28.41" meanTravelTime="66.46" meanSpeed="27.06" meanSpeedRelative="0.78" duration="70"/>
    <step time="150.00" loaded="5884" inserted="4376" running="4153" waiting="1508" ended="223" arrived="223" collisions="9" teleports="9" halting="154" stopped="0" meanWaitingTime="27.80" meanTravelTime="67.65" meanSpeed="26.39" meanSpeedRelative="0.76" duration="189"/>
    <step time="151.00" loaded="5911" inserted="4395" running="4166" waiting="1516" ended="229" arrived="229" collisions="9" teleports="9" halting="50" stopped="0" meanWaitingTime="27.83" meanTravelTime="68.04" meanSpeed="26.45" meanSpeedRelative="0.76" duration="75"/>
    <step time="152.00" loaded="5911" inserted="4459" running="4225" waiting="1452" ended="234" arrived="234" collisions="9" teleports="9" halting="94" stopped="0" meanWaitingTime="27.63" meanTravelTime="68.33" meanSpeed="26.23" meanSpeedRelative="0.76" duration="68"/>
    <step time="153.00" loaded="5912" inserted="4491" running="4255" waiting="1421" ended="236" arrived="236" collisions="9" teleports="9" halting="64" stopped="0" meanWaitingTime="27.65" meanTravelTime="68.13" meanSpeed="26.21" meanSpeedRelative="0.75" duration="65"/>
    <step time="154.00" loaded="5915" inserted="4520" running="4280" waiting="1395" ended="240" arrived="240" collisions="9" teleports="9" halting="63" stopped="0" meanWaitingTime="27.66" meanTravelTime="68.49" meanSpeed="26.23" meanSpeedRelative="0.75" duration="73"/>
    <step time="155.00" loaded="5921" inserted="4564" running="4320" waiting="1357" ended="244" arrived="244" collisions="9" teleports="9" halting="74" stopped="0" meanWaitingTime="27.60" meanTravelTime="68.95" meanSpeed="26.16" meanSpeedRelative="0.75" duration="77"/>
    <step time="156.00" loaded="5933" inserted="4593" running="4345" waiting="1340" ended="248" arrived="248" collisions="9" teleports="9" halting="60" stopped="0" meanWaitingTime="27.60" meanTravelTime="69.67" meanSpeed="26.20" meanSpeedRelative="0.75" duration="79"/>
    <step time="157.00" loaded="5938" inserted="4625" running="4375" waiting="1313" ended="250" arrived="250" collisions="9" teleports="9" halting="59" stopped="0" meanWaitingTime="27.56" meanTravelTime="70.08" meanSpeed="26.22" meanSpeedRelative="0.76" duration="81"/>
    <step time="158.00" loaded="5947" inserted="4665" running="4412" waiting="1282" ended="253" arrived="253" collisions="9" teleports="9" halting="68" stopped="0" meanWaitingTime="27.59" meanTravelTime="70.40" meanSpeed="26.19" meanSpeedRelative="0.75" duration="83"/>
    <step time="159.00" loaded="5956" inserted="4679" running="4420" waiting="1277" ended="259" arrived="259" collisions="9" teleports="9" halting="43" stopped="0" meanWaitingTime="27.59" meanTravelTime="71.00" meanSpeed="26.32" meanSpeedRelative="0.76" duration="84"/>
    <step time="160.00" loaded="5980" inserted="4705" running="4439" waiting="1275" ended="266" arrived="266" collisions="9" teleports="9" halting="54" stopped="0" meanWaitingTime="27.61" meanTravelTime="71.91" meanSpeed="26.37" meanSpeedRelative="0.76" duration="106"/>
    <step time="161.00" loaded="5986" inserted="4740" running="4469" waiting="1246" ended="271" arrived="271" collisions="9" teleports="9" halting="64" stopped="0" meanWaitingTime="27.62" meanTravelTime="72.19" meanSpeed="26.38" meanSpeedRelative="0.76" duration="113"/>
    <step time="162.00" loaded="6010" inserted="4759" running="4484" waiting="1251" ended="275" arrived="275" collisions="9" teleports="9" halting="48" stopped="0" meanWaitingTime="27.65" meanTravelTime="72.53" meanSpeed="26.48" meanSpeedRelative="0.76" duration="89"/>
    <step time="163.00" loaded="6018" inserted="4786" running="4506" waiting="1232" ended="280" arrived="280" collisions="9" teleports="9" halting="57" stopped="0" meanWaitingTime="27.68" meanTravelTime="72.77" meanSpeed="26.51" meanSpeedRelative="0.77" duration="92"/>
    <step time="164.00" loaded="6050" inserted="4816" running="4533" waiting="1234" ended="283" arrived="283" collisions="10" teleports="10" halting="57" stopped="0" meanWaitingTime="27.71" meanTravelTime="72.88" meanSpeed="26.52" meanSpeedRelative="0.77" duration="92"/>
    <step time="165.00" loaded="6062" inserted="4834" running="4544" waiting="1228" ended="290" arrived="290" collisions="10" teleports="10" halting="47" stopped="0" meanWaitingTime="27.77" meanTravelTime="73.69" meanSpeed="26.60" meanSpeedRelative="0.77" duration="87"/>
    <step time="166.00" loaded="6065" inserted="4857" running="4565" waiting="1208" ended="292" arrived="292" collisions="10" teleports="10" halting="54" stopped="0" meanWaitingTime="27.79" meanTravelTime="73.57" meanSpeed="26.63" meanSpeedRelative="0.77" duration="91"/>
    <step time="167.00" loaded="6100" inserted="4890" running="4595" waiting="1210" ended="295" arrived="295" collisions="10" teleports="10" halting="66" stopped="0" meanWaitingTime="27.80" meanTravelTime="74.14" meanSpeed="26.61" meanSpeedRelative="0.77" duration="87"/>
    <step time="168.00" loaded="6109" inserted="4899" running="4599" waiting="1210" ended="300" arrived="300" collisions="10" teleports="10" halting="39" stopped="0" meanWaitingTime="27.85" meanTravelTime="74.62" meanSpeed="26.71" meanSpeedRelative="0.77" duration="78"/>
    <step time="169.00" loaded="6119" inserted="4919" running="4616" waiting="1200" ended="303" arrived="303" collisions="10" teleports="10" halting="50" stopped="0" meanWaitingTime="27.87" meanTravelTime="74.48" meanSpeed="26.75" meanSpeedRelative="0.77" duration="83"/>
    <step time="170.00" loaded="6128" inserted="4934" running="4627" waiting="1194" ended="307" arrived="307" collisions="10" teleports="10" halting="39" stopped="0" meanWaitingTime="27.92" meanTravelTime="74.76" meanSpeed="26.81" meanSpeedRelative="0.77" duration="80"/>
    <step time="171.00" loaded="6131" inserted="4954" running="4642" waiting="1177" ended="312" arrived="312" collisions="10" teleports="10" halting="49" stopped="0" meanWaitingTime="27.99" meanTravelTime="75.28" meanSpeed="26.82" meanSpeedRelative="0.77" duration="77"/>
    <step time="172.00" loaded="6215" inserted="4994" running="4678" waiting="1221" ended="316" arrived="316" collisions="10" teleports="10" halting="66" stopped="0" meanWaitingTime="27.88" meanTravelTime="75.16" meanSpeed="26.73" meanSpeedRelative="0.77" duration="100"/>
    <step time="173.00" loaded="6222" inserted="5015" running="4691" waiting="1207" ended="324" arrived="324" collisions="10" teleports="10" halting="46" stopped="0" meanWaitingTime="28.00" meanTravelTime="75.04" meanSpeed="26.73" meanSpeedRelative="0.77" duration="78"/>
    <step time="174.00" loaded="6225" inserted="5034" running="4699" waiting="1191" ended="335" arrived="335" collisions="10" teleports="10" halting="42" stopped="0" meanWaitingTime="28.03" meanTravelTime="76.19" meanSpeed="26.76" meanSpeedRelative="0.77" duration="74"/>
    <step time="175.00" loaded="6248" inserted="5053" running="4717" waiting="1195" ended="336" arrived="336" collisions="10" teleports="10" halting="40" stopped="0" meanWaitingTime="28.09" meanTravelTime="76.46" meanSpeed="26.79" meanSpeedRelative="0.77" duration="79"/>
    <step time="176.00" loaded="6252" inserted="5067" running="4726" waiting="1185" ended="341" arrived="341" collisions="10" teleports="10" halting="39" stopped="0" meanWaitingTime="28.14" meanTravelTime="76.73" meanSpeed="26.84" meanSpeedRelative="0.77" duration="75"/>
    <step time="177.00" loaded="6263" inserted="5083" running="4736" waiting="1180" ended="347" arrived="347" collisions="10" teleports="10" halting="44" stopped="0" meanWaitingTime="28.20" meanTravelTime="77.43" meanSpeed="26.88" meanSpeedRelative="0.77" duration="105"/>
    <step time="178.00" loaded="6269" inserted="5099" running="4750" waiting="1170" ended="349" arrived="349" collisions="11" teleports="11" halting="39" stopped="0" meanWaitingTime="28.26" meanTravelTime="77.52" meanSpeed="26.92" meanSpeedRelative="0.77" duration="72"/>
    <step time="179.00" loaded="6275" inserted="5115" running="4762" waiting="1160" ended="353" arrived="353" collisions="11" teleports="11" halting="45" stopped="0" meanWaitingTime="28.33" meanTravelTime="77.71" meanSpeed="26.95" meanSpeedRelative="0.77" duration="76"/>
    <step time="180.00" loaded="6446" inserted="5169" running="4809" waiting="1277" ended="360" arrived="360" collisions="11" teleports="11" halting="83" stopped="0" meanWaitingTime="28.17" meanTravelTime="78.29" meanSpeed="26.76" meanSpeedRelative="0.77" duration="117"/>
    <step time="181.00" loaded="6446" inserted="5186" running="4822" waiting="1260" ended="364" arrived="364" collisions="11" teleports="11" halting="49" stopped="0" meanWaitingTime="28.22" meanTravelTime="79.14" meanSpeed="26.79" meanSpeedRelative="0.77" duration="76"/>
    <step time="182.00" loaded="6450" inserted="5209" running="4842" waiting="1241" ended="367" arrived="367" collisions="12" teleports="12" halting="55" stopped="0" meanWaitingTime="28.22" meanTravelTime="79.57" meanSpeed="26.78" meanSpeedRelative="0.77" duration="77"/>
    <step time="183.00" loaded="6459" inserted="5229" running="4857" waiting="1230" ended="372" arrived="372" collisions="12" teleports="12" halting="54" stopped="0" meanWaitingTime="28.30" meanTravelTime="79.52" meanSpeed="26.79" meanSpeedRelative="0.77" duration="76"/>
    <step time="184.00" loaded="6473" inserted="5241" running="4864" waiting="1232" ended="377" arrived="377" collisions="13" teleports="13" halting="52" stopped="0" meanWaitingTime="28.35" meanTravelTime="80.11" meanSpeed="26.85" meanSpeedRelative="0.77" duration="76"/>
    <step time="185.00" loaded="6496" inserted="5263" running="4880" waiting="1233" ended="383" arrived="383" collisions="13" teleports="13" halting="65" stopped="0" meanWaitingTime="28.41" meanTravelTime="80.90" meanSpeed="26.84" meanSpeedRelative="0.77" duration="78"/>
    <step time="186.00" loaded="6501" inserted="5278" running="4890" waiting="1223" ended="388" arrived="388" collisions="13" teleports="13" halting="57" stopped="0" meanWaitingTime="28.51" meanTravelTime="81.24" meanSpeed="26.88" meanSpeedRelative="0.77" duration="75"/>
    <step time="187.00" loaded="6507" inserted="5290" running="4899" waiting="1217" ended="391" arrived="391" collisions="13" teleports="13" halting="61" stopped="0" meanWaitingTime="28.54" meanTravelTime="81.63" meanSpeed="26.93" meanSpeedRelative="0.77" duration="75"/>
    <step time="188.00" loaded="6572" inserted="5326" running="4933" waiting="1246" ended="393" arrived="393" collisions="13" teleports="13" halting="83" stopped="0" meanWaitingTime="28.56" meanTravelTime="81.89" meanSpeed="26.85" meanSpeedRelative="0.77" duration="91"/>
    <step time="189.00" loaded="6578" inserted="5339" running="4943" waiting="1239" ended="396" arrived="396" collisions="14" teleports="14" halting="65" stopped="0" meanWaitingTime="28.61" meanTravelTime="81.92" meanSpeed="26.90" meanSpeedRelative="0.77" duration="86"/>
    <step time="190.00" loaded="6584" inserted="5348" running="4947" waiting="1236" ended="401" arrived="401" collisions="14" teleports="14" halting="60" stopped="0" meanWaitingTime="28.61" meanTravelTime="82.34" meanSpeed="26.97" meanSpeedRelative="0.77" duration="101"/>
    <step time="191.00" loaded="6617" inserted="5379" running="4976" waiting="1238" ended="403" arrived="403" collisions="14" teleports="14" halting="85" stopped="0" meanWaitingTime="28.72" meanTravelTime="82.58" meanSpeed="26.91" meanSpeedRelative="0.77" duration="88"/>
    <step time="192.00" loaded="6622" inserted="5392" running="4985" waiting="1230" ended="407" arrived="407" collisions="14" teleports="14" halting="72" stopped="0" meanWaitingTime="28.75" meanTravelTime="82.68" meanSpeed="26.95" meanSpeedRelative="0.77" duration="79"/>
    <step time="193.00" loaded="6639" inserted="5410" running="5000" waiting="1229" ended="410" arrived="410" collisions="14" teleports="14" halting="78" stopped="0" meanWaitingTime="28.77" meanTravelTime="82.83" meanSpeed="26.96" meanSpeedRelative="0.77" duration="89"/>
    <step time="194.00" loaded="6641" inserted="5426" running="5010" waiting="1215" ended="416" arrived="416" collisions="14" teleports="14" halting="76" stopped="0" meanWaitingTime="28.85" meanTravelTime="83.78" meanSpeed="26.98" meanSpeedRelative="0.77" duration="82"/>
    <step time="195.00" loaded="6666" inserted="5443" running="5020" waiting="1223" ended="423" arrived="423" collisions="14" teleports="14" halting="76" stopped="0" meanWaitingTime="28.88" meanTravelTime="84.14" meanSpeed="27.00" meanSpeedRelative="0.77" duration="86"/>
    <step time="196.00" loaded="6671" inserted="5451" running="5022" waiting="1220" ended="429" arrived="429" collisions="14" teleports="14" halting="69" stopped="0" meanWaitingTime="28.90" meanTravelTime="84.32" meanSpeed="27.06" meanSpeedRelative="0.77" duration="90"/>
    <step time="197.00" loaded="6678" inserted="5468" running="5033" waiting="1210" ended="435" arrived="435" collisions="14" teleports="14" halting="79" stopped="0" meanWaitingTime="28.98" meanTravelTime="84.88" meanSpeed="27.07" meanSpeedRelative="0.77" duration="87"/>
    <step time="198.00" loaded="6680" inserted="5480" running="5041" waiting="1200" ended="439" arrived="439" collisions="14" teleports="14" halting="71" stopped="0" meanWaitingTime="29.06" meanTravelTime="84.91" meanSpeed="27.10" meanSpeedRelative="0.77" duration="103"/>
    <step time="199.00" loaded="6681" inserted="5486" running="5040" waiting="1195" ended="446" arrived="446" collisions="14" teleports="14" halting="66" stopped="0" meanWaitingTime="29.12" meanTravelTime="84.94" meanSpeed="27.17" meanSpeedRelative="0.78" duration="81"/>
    <step time="200.00" loaded="7054" inserted="5573" running="5121" waiting="1481" ended="452" arrived="452" collisions="14" teleports="14" halting="145" stopped="0" meanWaitingTime="28.80" meanTravelTime="85.34" meanSpeed="26.80" meanSpeedRelative="0.77" duration="170"/>
    <step time="201.00" loaded="7073" inserted="5594" running="5137" waiting="1479" ended="457" arrived="457" collisions="14" teleports="14" halting="75" stopped="0" meanWaitingTime="28.85" meanTravelTime="85.63" meanSpeed="26.82" meanSpeedRelative="0.77" duration="90"/>
    <step time="202.00" loaded="7074" inserted="5627" running="5164" waiting="1447" ended="463" arrived="463" collisions="14" teleports="14" halting="90" stopped="0" meanWaitingTime="28.72" meanTravelTime="85.84" meanSpeed="26.77" meanSpeedRelative="0.76" duration="83"/>
    <step time="203.00" loaded="7083" inserted="5657" running="5191" waiting="1426" ended="466" arrived="466" collisions="14" teleports="14" halting="86" stopped="0" meanWaitingTime="28.79" meanTravelTime="86.25" meanSpeed="26.74" meanSpeedRelative="0.76" duration="90"/>
    <step time="204.00" loaded="7093" inserted="5676" running="5208" waiting="1417" ended="468" arrived="468" collisions="14" teleports="14" halting="75" stopped="0" meanWaitingTime="28.80" meanTravelTime="86.38" meanSpeed="26.77" meanSpeedRelative="0.76" duration="89"/>
    <step time="205.00" loaded="7096" inserted="5708" running="5234" waiting="1388" ended="474" arrived="474" collisions="14" teleports="14" halting="89" stopped="0" meanWaitingTime="28.85" meanTravelTime="87.07" meanSpeed="26.74" meanSpeedRelative="0.76" duration="87"/>
    <step time="206.00" loaded="7099" inserted="5724" running="5244" waiting="1375" ended="480" arrived="480" collisions="14" teleports="14" halting="71" stopped="0" meanWaitingTime="28.88" meanTravelTime="87.43" meanSpeed="26.80" meanSpeedRelative="0.76" duration="88"/>
    <step time="207.00" loaded="7111" inserted="5751" running="5271" waiting="1360" ended="480" arrived="480" collisions="15" teleports="15" halting="84" stopped="0" meanWaitingTime="28.91" meanTravelTime="87.43" meanSpeed="26.80" meanSpeedRelative="0.76" duration="88"/>
    <step time="208.00" loaded="7134" inserted="5770" running="5284" waiting="1364" ended="486" arrived="486" collisions="15" teleports="15" halting="75" stopped="0" meanWaitingTime="28.94" meanTravelTime="87.90" meanSpeed="26.84" meanSpeedRelative="0.76" duration="92"/>
    <step time="209.00" loaded="7139" inserted="5787" running="5296" waiting="1352" ended="491" arrived="491" collisions="15" teleports="15" halting="76" stopped="0" meanWaitingTime="29.00" meanTravelTime="87.63" meanSpeed="26.89" meanSpeedRelative="0.77" duration="86"/>
    <step time="210.00" loaded="7193" inserted="5816" running="5318" waiting="1377" ended="498" arrived="498" collisions="15" teleports="15" halting="90" stopped="0" meanWaitingTime="29.00" meanTravelTime="88.39" meanSpeed="26.87" meanSpeedRelative="0.76" duration="116"/>
    <step time="211.00" loaded="7196" inserted="5831" running="5332" waiting="1365" ended="499" arrived="499" collisions="16" teleports="16" halting="72" stopped="0" meanWaitingTime="29.07" meanTravelTime="88.62" meanSpeed="26.93" meanSpeedRelative="0.77" duration="82"/>
</summary>
