report_id,event_type,has_station,has_measure,has_start_time,control_station,control_measure,control_start,control_end,control_range
12817,交通事故,True,True,True,601,新都北站入口成都方向关闭,2025-07-19 06:44:00,,
13254,交通事故,True,True,True,258,主线广绵向K1602道路中断，金子山入口成都封闭。,2025-07-24 06:34:00,2025-07-24 07:36:00,
13270,交通管制,True,True,True,"225,236",因大雨天气，现绵阳南站入口广元方向、绵阳站入口成都方向封闭。,2025-07-24 16:49:00,,绵阳南站 到 绵阳站
13703,交通事故,True,True,True,246,因处置该事故，现江油站入口广元方向封闭。,2025-08-02 12:20:00,,
13707,交通事故,True,True,True,236,因处置该事故，绵阳站入口广元方向封闭。,2025-08-02 15:00:00,,
14074,交通事故,True,True,True,"255,250,249,247",绵广向K1593一辆运输百货的两轴货车侧翻，无人员受伤，占用主车道及应急车道，因处置该事故，江油站至厚坝站入口广元方向封闭。,2025-08-08 17:37:00,,
14588,交通事故,True,True,True,"246,247,249,250,255",江油站至厚坝站入口广元方向封闭。,2025-08-11 18:03:00,,
14702,交通管制,True,True,True,"244,243",因大雨天气，现绵阳北站至科学城站入口广元方向封闭。,2025-08-15 21:16:00,2025-08-15 21:50:00,绵阳北站 到 科学城站
15556,交通事故,True,True,True,"601,202",新都、新都北站入口绵阳至成都方向禁止通行,2025-08-27 13:50:00,,
15698,交通管制,True,True,True,"249,247,246,244",因大雨天气，现科学城站入口广元方向，江油站、贯山站入口，江油北站入口成都方向封闭。,2025-08-28 22:51:00,,科学城站 到 江油北站
15945,交通管制,True,True,True,"202,206,208,601",关闭新都至广汉站入口,2025-09-05 10:57:00,,新都站 到 广汉站
16187,交通事故,True,True,True,"249,250,255,256",因处置绵广向K1584（官垭子隧道内）两车擦挂事故，现江油北站至二郎庙站入口广元方向封闭。,2025-09-10 11:00:00,,
16429,交通事故,True,True,True,"555,183",因处置瑞公山隧道交通事故，现关闭麻城站、摩尼站、赤水河站贵州至泸州方向入口、高桥服务区贵州至泸州方向出口,2025-09-13 06:47:00,,
16566,交通管制,True,True,True,"213,212,211,209,601,214,215",入口关闭,2025-09-16 09:00:00,,新都北站 到 金山站
16634,交通事故,True,True,True,621,由于K34+640（石家坝隧道）一辆两轴小货车发生侧翻单车事故，会理至德昌方向所有车辆均在益门收费站分流出站。益门收费站入口会理至德昌方向所有车辆禁止上站。,2025-09-16 18:20:00,,
16886,交通事故,True,True,True,"213,212,211,210,209",关闭德阳南至罗江入口（成都至绵阳方向）,2025-09-19 23:14:00,,
16887,交通事故,True,True,True,"213,212,211,210,209",关闭入口（成都至绵阳方向）,2025-09-20 01:22:00,,
16888,交通事故,True,True,True,"255,250,249,247,246,244",因处置该事故现科学城站至厚坝站入口成都方向封闭。,2025-09-20 06:11:00,,
17371,交通事故,True,True,True,"552,551,550",三轴及三轴以上货车（鲜活车除外），大件车、危化品车管制,2025-10-01 08:00:00,,
17883,交通事故,True,True,True,"246,247,249,250,255",江油站至厚坝站入口成都方向封闭。,2025-10-11 19:54:00,2025-10-11 20:04:00,
18071,交通事故,True,True,True,550,护国站入口关闭,2025-10-21 01:13:00,,
18117,交通事故,True,True,True,",258,256,255,250,249,247,246",绵阳至广元方向1552公里处道路中断,2025-10-24 05:01:00,,
10748,交通事故,True,True,True,537,石棉站管制西昌方向所有车辆,2025-06-10 06:26:00,2025-06-10 06:37:00,
10818,交通阻塞,True,True,True,"256,255,250,249,247,246",因主线车流量大，现主线绵广向K1602道路封闭，江油站至二郎庙站入口广元方向封闭。,2025-06-13 18:20:00,,
10850,交通管制,True,True,True,"774,770,761,621,580",已通知路政、执法、高交，养护处理，路段无管制,2025-06-14 18:00:00,2025-06-15 18:00:00,老碾收费站 到 会理收费站
10856,交通管制,True,True,True,"506,505",因天气预警响应需要，蒲坝站、永郎站入口（双向）所有车辆不能上站，恢复时间待定。,2025-06-14 23:50:00,2025-06-15 09:00:00,德昌站 到 永郎站
10865,交通管制,True,True,True,"507,508,509",该路段有暴雨橙色预警，目前暂无管制,2025-06-15 00:35:00,2025-06-15 23:00:00,白马站 到 撒莲站
10894,交通事故,True,True,True,508,西昌至攀枝花方向，所有车辆在米易站分流下站，同时关闭米易站往攀枝花方向车辆。,2025-06-16 15:32:00,2025-06-16 16:42:00,
11146,交通管制,True,True,True,"507,509,508",无管制,2025-06-19 20:00:00,2025-06-20 18:00:00,白马站 到 撒莲站
11322,交通管制,True,True,True,"759,506",无管制，地质灾害橙色预警。,2025-06-25 00:00:00,2025-06-26 00:00:00,德昌站 到 永郎站
11458,交通阻塞,True,True,True,258,因金子山站入口治超系统故障，金子山站入口货车无法通行。,2025-06-29 12:08:00,,
11868,交通管制,True,True,True,258,因暴雨天气，现金子山站入口封闭。,2025-07-04 18:53:00,2025-07-04 19:53:00,金子山站 到 金子山站
12207,交通管制,True,True,True,"553,183,555,554",现泸州至贵州方向车辆在叙永站分流出站，贵州至泸州方向车辆在麻城站分流出站。,2025-07-09 01:23:00,,叙永站 到 赤水河站
12375,交通管制,True,True,True,327,双流站出、入口,2025-07-11 03:54:00,,双流站 到 双流站
13278,交通管制,True,True,True,243,因大雨天气，绵阳北站入口关闭。,2025-07-24 18:27:00,,绵阳北站 到 绵阳北站
14709,交通事故,True,True,True,"211,212",管制入口所有车辆,2025-08-15 22:53:00,,
14718,交通管制,True,True,True,258,金子山站入口封闭。,2025-08-16 00:30:00,,金子山站 到 金子山站
14738,交通事故,True,True,True,209,德阳南站成都至绵阳方向关闭,2025-08-16 13:22:00,,
15732,交通事故,True,True,True,"211,210,212",德阳至白马关站入口成都至绵阳方向,2025-08-29 12:59:00,,
15853,交通事故,True,True,True,"601,202,206",入口管制,2025-09-03 17:14:00,2025-09-03 20:02:00,
16093,交通事故,True,True,True,"209,215",德阳南、广汉北站入口（绵阳至成都方向）,2025-09-06 11:26:00,,
16131,交通事故,True,True,True,553,入口往贵州方向关闭。,2025-09-08 07:32:00,2025-09-08 08:20:00,
16825,交通事故,True,True,True,236,绵阳站入口 成都方向封闭,2025-09-18 10:11:00,,
17284,交通事故,True,True,True,"683,686",受成雅向K1915+800处小车自燃事故影响，雅安金鸡关、太平收费站入口关闭。,2025-09-30 20:56:00,,
17614,交通事故,True,True,True,"550,551,552",接高交通知因处置贵州至泸州方向大石板隧道内三车追尾事故，现护国、江门、黄桷坪站入口关闭,2025-10-04 20:13:00,,
17838,交通事故,True,True,True,553,叙永站入口往贵州方向关闭,2025-10-09 10:45:00,,
17865,交通管制,True,True,True,258,因暴雨天气，现金子山站入口封闭。,2025-10-11 07:26:00,,金子山站 到 金子山站
17962,交通事故,True,True,True,"206,208,215,209",关闭青白江至德阳南站绵阳至成都方向入口,2025-10-17 02:26:00,,
18074,交通事故,True,True,True,"215,214,213,212,211,210,209,208",关闭广汉至金山站入口（绵阳至成都方向）,2025-10-21 06:27:00,,
18097,交通事故,True,True,True,"211,212,213,210,209,214,215,601,208,206,202",德阳南至罗江站，入口（绵阳至成都方向）关闭,2025-10-23 06:02:00,,
10762,交通事故,True,True,True,"601,202,206",新都至青白江站，入口(绵阳至成都方向）,2025-06-10 16:01:00,2025-06-10 17:14:00,
10768,交通管制,True,True,True,258,受大雨天气影响，现金子山站入口对大巴车、危化品运输车辆及大件运输车辆进行交通管制。,2025-06-10 20:16:00,2025-06-10 21:16:00,金子山站 到 金子山站
10807,交通事故,True,True,True,183,赤水河站入口禁止货车进入高速,2025-06-13 10:18:00,2025-06-13 10:51:00,
10889,交通管制,True,True,True,"774,580",无管制,2025-06-16 13:50:00,,老碾收费站 到 会理收费站
11403,交通管制,True,True,True,"774,761",无管制,2025-06-29 03:30:00,2025-06-29 06:30:00,老碾收费站 到 六华收费站
11406,交通管制,True,True,True,"683,685,686,694,695",因暴雨天气，太平站、名山站、雅安北站、雅安金鸡关站、西康大桥站，入口关闭。,2025-06-29 05:10:00,2025-06-29 06:04:00,太平站 到 西康大桥站
11421,交通管制,True,True,True,"601,206,215,214,213,212,211,210,209,208,202",入口双向关闭,2025-06-29 07:43:00,2025-06-29 09:48:00,新都站 到 广汉站
11489,交通管制,True,True,True,"211,212,213,214",关闭德阳北金山站成都至绵阳方向入口,2025-06-29 15:48:00,,德阳北站 到 金山站
11724,交通管制,True,True,True,683,因暴雨天气，临时交通管制，太平站入口关闭。,2025-07-02 03:48:00,,太平站 到 太平站
11828,交通管制,True,True,True,"208,206",关闭入口,2025-07-03 21:42:00,,青白江 到 广汉站
11829,交通管制,True,True,True,"211,210,209",关闭入口,2025-07-03 22:07:00,,德阳南站 到 德阳北站
11831,交通管制,True,True,True,"214,213",关闭罗江东站，入口（成都至绵阳方向），金山站入口,2025-07-03 23:13:00,,罗江站 到 金山站
12292,交通事故,True,True,True,"551,550,552",护国、江门、黄桷坪站入口关闭。贵州至泸州方向车辆护国站分流出站,2025-07-09 20:46:00,2025-07-09 22:43:00,
12323,交通事故,True,True,True,"601,202",新都、新都北绵阳至成都方向关闭,2025-07-10 12:18:00,,
12382,交通管制,True,True,True,725,AC入口,2025-07-11 04:43:00,,成新蒲站 到 成新蒲站
