id,report_id,类型,开始时间,结束时间,发生地点,车道方向,占用车道情况,所在高速公路,伤亡情况,管控措施,上下行,junction_id,edge_id,inc_lanes,int_lanes,管控开始时间,管控结束时间,管控收费站,管控范围,详细信息,匹配地点,failure_reason_en,mapping_suggestion
6,12583,交通事故,2025-07-15 17:00:58,2025-07-15 17:41:46,1707.0,绵阳至成都方向,第二车道,G5京昆高速（成绵段）,暂无人员伤亡,,下行,-35679,-3828,-17018_0 -17018_1,:-35679_0_0 :-35679_0_1,2025-07-15 17:01:00,,"213,214",,"【交通事故首报】2025/7/15 17:00:58,接杨国韬报：京昆高速成绵段绵阳至成都方向K1707+000发生一起单车撞护栏事故，占用第二车道，目前无人员伤亡，已通知高速交警,路维到场处置,该事件为未达4级事件。",,Lane Resolution Error - edge/lane mismatch in network file,
20,13031,交通事故,2025-07-21 05:37:00,2025-07-21 07:56:07,1821.0,纳溪至贵州方向,第二车道,G76厦蓉高速（纳黔段）,受伤1人,,上行,-39758,-1580,-17362_0,:-39758_0_0,,,,,"【交通事故首报】2025/7/21 5:37:00,接李小玲报：厦蓉高速纳黔段纳溪至贵州方向K1821+000发生一起2车追尾（小车：1辆，两轴货车：1辆）事故，占用第二车道，目前造成0死亡1受伤，已通知高速交警,执法,路维,急救到场处置,该事件为未达4级事件。",,Lane Resolution Error - edge/lane mismatch in network file,
48,13663,交通事故,2025-08-01 08:17:53,2025-08-01 09:40:24,2222.0,泸沽至黄联关方向,第三车道,G5京昆高速（泸黄段）,暂无人员伤亡,,上行,-51721,-1694,-9776_0,:-51721_0_0,,,,,"【交通事故首报】2025/8/1 8:17:53,接刘波报：京昆高速泸黄段泸沽至黄联关方向K2222+000发生一起两车发生擦挂事故，占用第三车道，目前无人员伤亡，已通知高速交警,执法,路维到场处置,该事件为未达4级事件。",,Lane Resolution Error - edge/lane mismatch in network file,
54,13748,交通事故,2025-08-04 08:06:09,2025-08-04 10:24:04,182.2,外环方向方向,第一车道,SA2成都第二绕城高速（西段）,受伤1人,,下行,-52302,-17066,-10280_0,:-52302_0_0,,,,,"【交通事故首报】2025/8/4 8:06:09,接曾英报：成都二绕高速(西)外环方向方向K182+200发生一起小车单车事故，占用第一车道，目前造成0死亡1受伤，已通知高速交警,执法,路维,急救到场处置,该事件为未达4级事件。",,Lane Resolution Error - edge/lane mismatch in network file,
58,13779,交通事故,2025-08-05 16:19:29,2025-08-05 17:16:53,1552.6,绵阳至广元方向,第二车道,G5京昆高速（绵广段）,暂无人员伤亡,,上行,-28279,-11078,-9930_0 -9930_1,:-28279_0_0 :-28279_0_1,,,,,"【交通事故首报】2025/8/5 16:19:29,接汪燕莎报：京昆高速绵广段绵阳至广元方向K1552+600发生一起三小车追尾事故，占用第二车道，目前无人员伤亡，已通知高速交警,执法,路维到场处置,该事件为未达4级事件。",,Lane Resolution Error - edge/lane mismatch in network file,
65,14074,交通事故,2025-08-08 17:36:41,2025-08-08 19:34:20,1593.0,绵阳至广元方向,"第二车道,第三车道",G5京昆高速（绵广段）,暂无人员伤亡,绵广向K1593一辆运输百货的两轴货车侧翻，无人员受伤，占用主车道及应急车道，因处置该事故，江油站至厚坝站入口广元方向封闭。,上行,-58810,-4786#2,-12804_0 -12804_1,:-58810_0_0 :-58810_0_1,2025-08-08 17:37:00,,"255,250,249,247",,"【交通事故首报】2025/8/8 17:36:41,接姜春蓉报：京昆高速绵广段绵阳至广元方向K1593+000发生一起货车侧翻事故事故，占用第二车道,第三车道，目前无人员伤亡，已通知高速交警,执法,路维到场处置绵广向K1593一辆运输百货的两轴货车侧翻，无人员受伤，占用主车道及应急车道，因处置该事故，江油站至厚坝站入口广元方向封闭。,该事件为未达4级事件。",,Lane Resolution Error - edge/lane mismatch in network file,
98,15556,交通事故,2025-08-27 13:49:51,2025-08-27 14:37:40,1777.3,绵阳至成都方向,第二车道,G5京昆高速（成绵段）,暂无人员伤亡,新都、新都北站入口绵阳至成都方向禁止通行,下行,-36514,-3000000327,-15336_0 -15336_1 -15336_2,:-36514_0_0 :-36514_0_1 :-36514_0_2,2025-08-27 13:50:00,,"601,202",,"【交通事故首报】2025/8/27 13:49:51,接黄欢报：京昆高速成绵段绵阳至成都方向K1777+300发生一起两货车追尾事故，占用第二车道，目前无人员伤亡，已通知高速交警,路维到场处置新都、新都北站入口绵阳至成都方向禁止通行,该事件为未达4级事件。",,Lane Resolution Error - edge/lane mismatch in network file,
131,16185,交通事故,2025-09-10 09:11:36,2025-09-10 09:59:00,149.0,内环方向方向,第一车道,SA2成都第二绕城高速（西段）,暂无人员伤亡,,上行,-51822,-3664,-9838_0 -9838_1 -9838_2,:-51822_0_0 :-51822_0_1 :-51822_0_2,,,,,"【交通事故首报】2025/9/10 9:11:36,接严巧燕报：成都二绕高速(西)内环方向方向K149+000发生一起小车单车事故事故，占用第一车道，目前无人员伤亡，已通知高速交警,执法,路维到场处置,该事件为未达4级事件。",,Lane Resolution Error - edge/lane mismatch in network file,
141,16426,交通事故,2025-09-12 19:01:55,2025-09-12 19:51:45,1773.0,贵州至纳溪方向,第二车道,G76厦蓉高速（纳黔段）,受伤1人,,双向,-26480|9540576135,-3000000386,-876_0 -876_1 -876_2,:-26480_0_0 :-26480_0_1 :-26480_0_2,2025-09-12 19:15:00,,"183,555",,"【交通事故首报】2025/9/12 19:01:55,接刘丹报：厦蓉高速纳黔段贵州至纳溪方向K1773+000发生一起小车单车事故事故，占用第二车道，目前造成0死亡1受伤，已通知高速交警,执法,路维到场处置,该事件为未达4级事件。",,Lane Resolution Error - edge/lane mismatch in network file,
151,16775,交通事故,2025-09-17 21:21:06,2025-09-17 22:10:13,1674.0,广元至绵阳方向,第二车道,G5京昆高速（绵广段）,暂无人员伤亡,,下行,-33995,-16050,-3276_0 -3276_1,:-33995_0_0 :-33995_0_1,2025-09-17 21:37:00,,",243",,"【交通事故首报】2025/9/17 21:21:06,接姜春蓉报：京昆高速绵广段广元至绵阳方向K1674+000发生一起小车追尾货车事故，占用第二车道，目前无人员伤亡，已通知高速交警,执法,路维,急救到场处置,该事件为未达4级事件。",,Lane Resolution Error - edge/lane mismatch in network file,
235,17845,交通事故,2025-10-10 04:17:17,2025-10-10 05:59:34,1559.87,绵阳至广元方向,第二车道,G5京昆高速（绵广段）,暂无人员伤亡,,上行,-28279,-16412,-9930_0 -9930_1,:-28279_0_0 :-28279_0_1,,,,,"【交通事故首报】2025/10/10 4:17:17,接罗海燕报：京昆高速绵广段绵阳至广元方向K1559+870发生一起货车单车事故事故，占用第二车道，目前无人员伤亡，已通知高速交警,执法,路维到场处置,该事件为未达4级事件。",,Lane Resolution Error - edge/lane mismatch in network file,
312,11082,交通事故,2025-06-18 19:56:59,2025-06-18 20:36:23,2237.86,黄联关至泸沽方向,"第二车道,第三车道",G5京昆高速（泸黄段）,暂无人员伤亡,,下行,-40762,-17092,-16630_0 -5696_0 -5696_1,:-40762_0_0 :-40762_1_0 :-40762_1_1,,,,,"【交通事故首报】2025/6/18 19:56:59,接刘明芳报：京昆高速泸黄段黄联关至泸沽方向K2237+860发生一起单车事故事故，占用第二车道,第三车道，目前无人员伤亡，已通知高速交警,执法,路维到场处置,该事件为未达4级事件。",,Lane Resolution Error - edge/lane mismatch in network file,
336,11353,交通事故,2025-06-27 13:33:25,2025-06-27 14:03:49,2226.3,黄联关至泸沽方向,第三车道,G5京昆高速（泸黄段）,暂无人员伤亡,,下行,-63729,-1528,-14686_0 -14686_1 -14686_2,:-63729_0_0 :-63729_0_1,,,,,"【交通事故首报】2025/6/27 13:33:25,接刘波报：京昆高速泸黄段黄联关至泸沽方向K2226+300发生一起两车追尾事故，占用第三车道，目前无人员伤亡，已通知高速交警,执法,路维到场处置,该事件为未达4级事件。",,Lane Resolution Error - edge/lane mismatch in network file,
360,11554,暴雨橙色预警,2025-06-29 21:25:00,2025-06-30 00:13:00,1750.0,双向方向,,G76厦蓉高速（纳黔段）,,,双向,3538591854|-33394,-5192,-3000000062_0 -3000000062_1,:3538591854_0_0 :3538591854_0_1,2025-06-29 21:25:00,,,麻城站 到 护国站,【暴雨橙色预警首报】2025/6/29 21:25:00，接陈茜报：收到暴雨橙色预警后采取了以下措施：1、监控中心收到预警信息后，在一路三方群内发布气象风险信息；2、5分钟内将预警信息传递至公司相关部门并跟踪记录响应情况，10分钟内以电话、信息方式同步报执法队、高速交警；3、10分钟内在高速公路业务管理系统、阈值管控版块填报管控信息；4、在突发事件信息管理系统填报预警响应情况，10分钟内首报，续报间隔不超过30分钟，接收到预警解除信息后10分钟内终报；30分钟内在交通运输部路况信息管理系统填报预警信息；5、将预警信息报值班领导，值班中层干部；6、将预警信息报主要领导，值班领导在岗指挥调度；7、通过公路沿线可变情报板进行安全提示；8、按高速交警指令通知所辖收费站关闭开放车道；9、驻屏监测辖区二级风险点；10、全时段驻屏监视三级及以上地灾风险点位；11、在“蜀安直达”上接收预警信息；12、密切关注降雨预报及降雨实况，动态掌握暴雨、地灾等预警和短临预报信息；13、如实接收上级调度，对预警区域管理中心值班人员、站队进行调度；14、登记预警响应工作台账,,Event Type Mapping - should map to 恶劣天气 (weather),恶劣天气 → weather
372,11852,交通事故,2025-07-04 16:15:37,2025-07-04 17:33:58,1825.21,贵州至纳溪方向,第二车道,G76厦蓉高速（纳黔段）,暂无人员伤亡,,双向,-36424|1931056855,-2000000090,-12408_0 -4108_0,:-36424_0_0 :-36424_1_0,,,,,"【交通事故首报】2025/7/4 16:15:37,接罗晓彤报：厦蓉高速纳黔段贵州至纳溪方向K1825+210发生一起二货车追尾事故，占用第二车道，目前无人员伤亡，已通知高速交警,执法,路维到场处置,该事件为未达4级事件。",,Lane Resolution Error - edge/lane mismatch in network file,
388,12308,交通事故,2025-07-10 01:44:42,2025-07-10 03:40:57,1626.0,广元至绵阳方向,第二车道,G5京昆高速（绵广段）,受伤1人,,下行,-53412,-15950,-14240_0 -14240_1,:-53412_0_0 :-53412_0_1,,,,,"【交通事故首报】2025/7/10 1:44:42,接罗海燕报：京昆高速绵广段广元至绵阳方向K1626+000发生一起两货车追尾事故，占用第二车道，目前造成0死亡1受伤，已通知高速交警,执法,路维,消防,急救到场处置,该事件为未达4级事件。",,Lane Resolution Error - edge/lane mismatch in network file,
398,12522,突发事件,2025-07-12 16:45:26,2025-07-12 17:53:07,1822.85,成都至雅安方向,,G5京昆高速（成雅段）,,,上行,-49209,-1024,-8858_0 -8858_1 -8858_2,,,,,,"【突发事件首报】2025/7/12 16:45:26,接管护报：成雅向1822.850公里处一辆客运车发生自燃，火已自己扑灭，119在现场，车上司机与乘客（共20人）无人受伤。",,Event Type Mapping - should map to 车辆故障 (vehicle_breakdown),车辆故障 → vehicle_breakdown
